CustomerID,Recency,Frequency,Monetary
012346,326,1,77183.6
012747,2,11,4196.009999999999
012748,1,209,33719.73
012749,4,5,4090.88
012820,3,4,942.34
012821,214,1,92.72
012822,71,2,948.8800000000002
012823,75,5,1759.5
012824,60,1,397.11999999999995
012826,3,7,1474.72
012827,6,3,430.15
012828,3,6,1018.71
012829,337,2,293.0
012830,38,6,6814.640000000001
012831,262,1,215.05
012832,32,2,383.03000000000003
012833,145,1,417.38
012834,283,1,312.38
012836,59,4,2612.8599999999997
012837,173,1,134.1
012838,34,2,683.13
012839,3,14,5591.42
012840,144,4,2726.77
012841,5,25,4022.35
012842,70,2,1118.99
012843,66,8,1702.2600000000002
012844,29,2,325.96
012845,267,4,354.09
012847,22,1,871.5399999999998
012849,31,2,1050.8899999999999
012851,97,1,135.18
012852,295,1,311.55
012853,135,6,1957.1000000000004
012854,79,3,1324.5000000000002
012855,373,1,38.1
012856,8,6,2179.93
012857,211,2,1106.4
012863,52,1,521.2
012864,138,1,147.12
012867,26,7,4036.82
012868,186,6,1607.0600000000002
012871,84,2,380.64000000000004
012872,327,2,599.9700000000001
012873,282,1,374.0
012875,143,2,343.2300000000001
012877,4,12,1535.7700000000002
012878,236,2,854.99
012879,45,3,573.22
012881,276,1,298.0
012882,9,2,1463.0399999999997
012883,25,4,703.47
012884,88,1,309.05000000000007
012885,63,3,1175.2199999999998
012886,68,2,1378.3999999999999
012888,214,2,354.12
012890,24,1,380.47
012891,186,3,331.0
012893,31,1,188.14000000000001
012895,42,2,372.8
012897,205,2,216.5
012901,9,28,17654.539999999997
012902,265,1,138.67999999999998
012904,18,2,509.58
012906,12,5,2919.81
012908,176,2,750.0
012909,40,5,2178.67
012910,23,8,3075.0400000000004
012912,3,5,1662.3
012913,5,5,2483.6299999999997
012915,149,2,363.65
012916,139,4,3006.1499999999996
012917,128,1,594.0
012919,8,6,1335.19
012920,17,1,164.23000000000002
012921,9,37,16587.09
012922,161,1,405.38
012923,64,1,176.97
012924,88,4,933.7000000000002
012925,5,2,694.05
012928,35,5,2062.7
012929,312,1,117.85
012930,78,2,415.8
012931,22,15,42055.96
012933,24,3,607.53
012935,2,7,2160.7
012936,17,4,1063.8999999999999
012937,15,4,1504.2700000000002
012938,26,1,114.13999999999999
012939,64,8,11581.800000000001
012940,55,2,913.54
012942,131,3,683.9000000000001
012944,36,2,604.5099999999999
012945,288,1,462.95000000000005
012947,144,6,1603.99
012948,16,7,2064.95
012949,31,8,4167.22
012950,2,3,1843.0
012951,9,6,1064.07
012952,6,4,1387.79
012953,10,1,329.85
012955,1,11,4757.160000000001
012956,306,1,108.07
012957,10,8,4017.54
012962,7,2,266.39
012963,8,8,1856.63
012965,89,1,771.91
012966,10,1,160.18
012967,358,2,1660.9
012968,112,1,135.95
012970,7,4,452.24000000000007
012971,4,86,11189.91
012974,198,1,144.8
012976,212,1,738.6
012977,156,1,39.24
012980,158,9,7374.9
012981,30,2,372.2199999999999
012982,243,1,390.53999999999996
012984,19,1,97.5
012985,1,2,1239.3799999999999
012987,74,2,558.7
012988,292,1,535.3200000000002
012989,3,15,6924.110000000001
012990,31,3,409.5000000000001
012991,23,2,503.76000000000005
012993,23,4,414.75999999999993
012994,4,3,974.42
012995,85,1,211.32
012997,22,4,1226.89
012999,196,3,455.88
013000,107,3,534.8500000000001
013001,4,13,9818.82
013002,318,1,120.94999999999999
013003,106,3,149.05
013004,12,18,5655.91
013005,174,2,513.6999999999999
013006,56,1,81.57
013008,323,1,229.47000000000003
013011,372,1,50.550000000000004
013012,9,8,1661.8400000000001
013013,1,13,4810.94
013014,11,10,3466.2799999999997
013015,53,5,3346.2799999999997
013016,73,3,789.8899999999999
013017,7,1,204.0
013018,16,28,7277.700000000001
013021,4,9,2616.38
013023,64,2,689.9000000000001
013026,1,5,975.36
013027,114,6,6912.0
013028,23,2,661.3200000000002
013029,31,3,1247.5
013030,11,2,799.4800000000001
013032,52,2,1010.1800000000002
013033,357,1,190.54999999999998
013034,55,2,642.7700000000001
013035,74,2,921.88
013037,138,3,881.07
013038,80,3,908.46
013040,9,2,676.99
013043,273,1,516.4200000000001
013044,291,1,560.47
013045,99,1,305.28
013046,31,2,629.31
013047,32,10,3237.54
013048,14,4,1835.9099999999999
013049,64,2,656.6800000000002
013050,15,17,5836.860000000001
013052,212,1,348.15000000000003
013055,78,3,1214.41
013058,25,3,271.4
013059,250,1,183.4
013060,254,1,307.53000000000003
013061,72,1,248.61
013062,191,1,346.98
013064,13,4,1119.4900000000002
013065,373,1,205.85999999999999
013066,24,2,470.79999999999995
013067,82,1,115.46000000000001
013068,10,2,344.0
013069,1,24,4436.12
013070,192,1,228.8
013072,267,1,177.14999999999998
013075,130,1,919.6100000000001
013077,1,4,729.2700000000001
013078,3,26,12627.939999999999
013079,4,5,220.09999999999997
013080,179,1,58.08
013081,12,11,28337.379999999997
013082,126,9,3613.6299999999997
013083,4,2,303.75
013085,158,2,416.08000000000004
013089,3,97,58825.83
013090,9,14,8910.819999999998
013091,28,1,345.82000000000005
013092,71,5,477.83000000000004
013093,276,8,7832.470000000001
013094,21,12,1927.3200000000002
013095,71,1,74.4
013097,33,10,6010.419999999999
013098,1,28,28882.44
013099,99,1,207.35999999999999
013101,234,1,101.19
013102,1,24,6424.089999999999
013103,40,1,243.94
013104,3,6,1098.48
013106,133,1,76.5
013107,44,4,1531.6200000000003
013108,373,1,350.05999999999995
013109,60,2,786.54
013110,31,7,1488.67
013113,1,24,12245.96
013115,12,4,2294.7799999999997
013116,138,1,501.14
013117,22,8,984.9100000000001
013118,20,5,1197.81
013120,239,1,30.599999999999998
013121,269,1,283.72999999999996
013122,94,2,922.39
013124,90,3,3866.33
013126,5,8,2099.64
013127,78,1,259.16999999999996
013130,94,1,64.0
013131,23,3,1073.2999999999997
013132,262,1,77.3
013133,274,2,109.80000000000001
013134,86,4,1793.5800000000002
013135,197,1,3096.0
013136,56,5,2607.6099999999997
013137,11,8,3650.41
013138,22,6,962.39
013139,16,7,5064.9400000000005
013140,108,3,423.72
013141,85,5,2388.75
013142,19,1,307.0899999999999
013144,333,1,110.94999999999999
013145,40,4,618.52
013146,26,1,228.91
013147,10,4,712.8000000000001
013148,29,12,3707.12
013149,14,4,1676.0600000000002
013151,296,1,1257.8700000000003
013153,6,1,486.22
013155,33,4,971.7600000000002
013157,49,4,1741.2199999999998
013158,95,4,1201.06
013159,9,4,1437.85
013160,22,1,91.8
013161,313,1,112.75
013162,122,4,1688.2899999999997
013165,46,2,1021.48
013166,283,1,417.20000000000005
013167,19,4,791.3299999999999
013168,36,4,1319.19
013169,64,2,712.88
013170,27,1,116.00999999999999
013171,22,3,468.40999999999997
013173,4,2,353.65000000000003
013174,16,3,2817.0299999999997
013176,46,1,492.84000000000003
013177,65,1,282.45
013178,26,11,5725.469999999999
013182,45,1,121.18
013183,8,9,3957.7800000000007
013184,15,10,1701.29
013185,268,1,71.4
013186,40,3,1575.89
013187,337,1,236.01999999999998
013188,11,1,114.60000000000001
013189,19,2,260.67999999999995
013192,95,2,911.9400000000002
013193,61,1,117.88000000000001
013194,136,1,60.7
013196,11,4,1797.78
013198,10,6,3401.24
013199,4,38,9817.119999999999
013200,19,4,870.0900000000001
013203,10,4,869.4599999999999
013207,15,2,250.26000000000002
013208,59,6,1223.9
013209,30,8,5891.61
013210,94,1,353.48
013211,10,3,1197.42
013212,20,3,788.0799999999999
013213,57,5,1520.58
013216,268,1,333.74
013217,122,3,533.98
013218,127,1,62.64
013220,78,4,819.29
013221,240,2,847.4100000000001
013223,200,2,163.20000000000002
013224,60,2,2155.9499999999994
013225,3,7,6463.84
013226,273,1,108.21
013227,202,1,257.7
013228,81,1,358.0
013229,226,1,160.95
013230,4,14,2806.9700000000003
013232,13,7,1357.6000000000001
013233,74,2,605.1199999999999
013235,212,1,1031.0700000000002
013236,24,2,744.85
013238,17,4,700.7299999999999
013239,262,1,329.56
013240,96,4,663.6500000000001
013242,112,3,270.40000000000003
013243,203,1,600.0700000000002
013244,93,1,121.74
013245,51,1,430.5
013246,18,6,1987.3
013247,18,4,501.11999999999995
013248,125,2,465.67999999999995
013249,92,3,711.41
013253,157,2,1030.3999999999999
013255,9,2,399.51
013258,12,3,698.5799999999999
013259,62,1,292.31999999999994
013260,61,1,557.62
013261,269,2,944.1
013262,263,1,200.29
013263,1,35,7454.07
013265,53,5,2107.6600000000003
013266,11,12,3834.26
013267,3,19,4521.49
013268,18,11,3214.69
013269,1,15,5346.23
013270,366,1,590.0
013271,37,1,217.38
013272,31,2,276.56000000000006
013273,113,1,138.98
013276,64,2,590.93
013277,16,4,258.4
013278,41,1,542.73
013279,78,1,137.75
013280,122,3,814.86
013282,18,3,1132.14
013283,60,2,93.66
013284,331,1,201.19
013285,23,4,2709.1200000000003
013291,156,1,361.11
013292,39,2,578.9399999999999
013294,190,2,873.74
013295,360,1,201.2
013296,137,1,87.4
013297,8,4,2089.85
013298,1,1,360.0
013299,268,1,142.5
013300,169,1,371.89
013301,104,4,618.09
013302,155,1,63.75
013304,351,1,300.41999999999996
013305,4,10,2000.8599999999997
013307,120,1,15.0
013308,23,3,1385.51
013309,7,5,1456.79
013310,28,3,1132.0300000000002
013311,4,2,598.57
013313,22,5,1555.32
013314,2,3,775.94
013316,37,4,5977.7300000000005
013317,66,6,2273.6800000000003
013318,1,3,640.7600000000001
013319,5,26,10845.55
013320,78,4,1548.6999999999998
013321,72,2,567.36
013322,17,1,199.48
013323,3,5,787.8499999999999
013324,36,10,7121.95
013325,82,1,675.3
013327,39,8,3627.77
013328,316,1,1308.48
013329,32,2,789.0
013330,93,3,1140.93
013332,14,1,350.9
013334,82,3,3536.8200000000006
013336,77,1,795.1200000000001
013338,158,1,487.02000000000004
013339,201,1,860.12
013340,45,7,10736.48
013341,261,1,775.8499999999999
013343,178,1,353.43
013344,68,3,2543.7200000000007
013345,288,1,389.5
013347,70,1,341.36
013348,64,1,233.76
013349,11,1,247.32
013350,16,2,979.12
013351,66,1,373.94
013352,60,1,397.97999999999996
013354,71,1,743.5300000000001
013355,122,1,674.7
013356,80,1,768.2400000000001
013357,257,1,609.95
013358,269,1,439.03000000000003
013359,64,1,439.55999999999995
013362,9,4,3090.7400000000002
013363,18,2,992.5
013364,71,1,134.96
013365,34,2,2225.37
013366,50,1,56.160000000000004
013368,257,2,623.4
013369,366,1,308.28
013370,372,1,754.8700000000001
013372,90,1,378.63999999999993
013373,61,3,3312.2500000000005
013375,89,1,778.65
013376,99,3,1019.76
013379,26,3,572.56
013381,32,6,3639.31
013382,281,1,222.99
013384,31,7,4151.93
013385,330,1,534.5699999999999
013388,131,2,677.1
013389,11,3,797.9599999999999
013390,75,1,544.08
013391,204,1,59.8
013394,2,8,2520.0200000000004
013395,185,1,307.71999999999997
013396,29,2,1360.99
013397,73,5,1544.1299999999999
013398,192,1,457.34000000000003
013402,127,2,621.2300000000002
013403,18,1,75.0
013404,1,2,252.49
013405,74,3,572.4509999999999
013408,2,62,28117.04
013410,24,5,1003.0600000000002
013411,107,1,213.55
013414,134,3,1390.5
013416,44,2,712.5
013417,5,2,640.83
013418,12,18,6127.43
013419,64,1,221.06
013420,150,2,159.85
013421,40,2,1851.08
013422,64,1,2626.3
013425,108,3,1624.2100000000003
013426,1,10,3641.3199999999997
013427,19,3,582.6
013428,10,1,218.46999999999997
013429,11,4,1006.7999999999998
013430,19,2,679.4499999999999
013431,67,2,1269.1
013434,74,2,534.24
013435,5,7,3809.89
013436,2,1,196.88999999999996
013437,14,7,3408.0600000000004
013439,255,1,283.71
013441,92,1,296.64000000000004
013447,23,3,1129.1400000000003
013448,17,6,3539.3700000000003
013449,24,1,291.88000000000005
013450,27,6,2043.72
013451,26,5,2976.15
013452,259,2,590.0
013453,166,2,356.97999999999996
013455,25,2,1058.3400000000001
013456,18,6,1766.72
013458,7,14,9646.57
013460,29,2,183.44
013461,39,3,1445.0000000000002
013462,253,1,151.5
013464,58,1,674.6800000000001
013466,184,1,307.90000000000003
013467,11,2,1083.71
013468,2,37,5704.969999999999
013470,99,2,165.0
013471,1,4,2531.58
013473,61,2,422.64000000000004
013474,236,1,229.59
013475,191,4,1431.7800000000002
013476,179,2,1238.47
013477,38,6,1454.5800000000002
013479,201,2,300.95
013481,46,5,1804.5600000000002
013482,232,1,184.64
013483,66,1,140.34
013484,241,1,313.8
013485,233,1,454.24
013486,78,3,1122.4099999999999
013487,58,3,575.4000000000001
013488,17,13,8968.31
013489,105,4,449.52
013491,52,10,1215.8199999999997
013494,312,1,316.26000000000005
013495,8,5,2044.87
013496,11,2,653.3299999999999
013497,283,2,348.04999999999995
013499,18,5,1159.11
013500,23,3,1166.77
013502,17,3,291.99999999999994
013503,71,1,216.85000000000002
013504,64,1,295.93000000000006
013506,316,2,458.52
013507,3,4,2479.16
013508,244,1,110.97000000000003
013509,9,7,979.72
013510,1,4,1791.56
013512,261,1,251.20999999999998
013513,127,1,205.09999999999997
013514,74,1,152.20000000000002
013515,73,4,891.12
013516,21,3,1389.4100000000003
013517,60,3,2128.42
013518,86,1,659.4399999999998
013519,78,1,122.75
013521,1,3,1093.65
013522,30,1,125.80000000000001
013523,33,5,3964.88
013524,41,5,680.1800000000001
013525,15,2,628.78
013527,34,7,2287.51
013529,79,2,307.76
013531,205,2,483.80000000000007
013532,34,1,210.30999999999995
013533,183,3,270.79
013534,2,25,5870.08
013536,1,7,3448.29
013538,43,7,1280.8500000000001
013539,86,3,631.34
013544,40,2,291.40999999999997
013546,12,3,626.99
013548,96,2,682.4100000000001
013549,26,7,918.1999999999999
013551,319,1,91.80000000000001
013552,66,12,3740.0699999999997
013555,74,4,4149.280000000001
013557,28,2,584.06
013558,6,4,605.06
013560,7,1,174.36999999999998
013561,216,1,141.86
013562,82,3,1799.33
013563,84,2,777.53
013564,144,3,1749.0200000000004
013565,19,2,240.22
013566,41,2,874.71
013568,173,1,192.85
013569,17,2,373.74999999999994
013570,243,1,239.49000000000004
013571,13,12,2092.3199999999997
013572,206,1,1384.2499999999998
013573,50,2,294.4
013575,23,5,732.07
013576,10,18,6717.34
013577,25,4,1687.6000000000001
013579,15,2,467.0400000000001
013581,309,1,118.0
013583,156,1,781.03
013584,307,1,142.4
013587,64,1,712.4
013588,16,9,2478.95
013589,15,2,379.65000000000003
013590,11,6,1981.9199999999994
013591,65,3,1117.1299999999997
013592,36,4,247.95999999999998
013593,108,5,2037.0800000000002
013594,53,1,396.97
013596,6,2,697.0400000000001
013598,47,1,180.17000000000002
013599,1,21,5153.67
013600,312,1,219.51999999999998
013601,45,2,693.32
013602,65,1,428.89
013603,26,1,164.34
013606,29,3,280.53999999999996
013607,40,1,678.0100000000001
013610,12,7,1131.88
013611,89,3,1171.7999999999997
013614,24,4,1610.46
013615,319,1,417.6900000000001
013617,40,3,544.1800000000001
013618,174,1,177.34
013621,117,1,213.85
013623,31,5,747.7800000000001
013626,253,1,257.22999999999996
013627,59,5,1638.47
013629,23,11,7792.360000000001
013630,5,7,2031.7800000000002
013631,100,11,3070.42
013632,25,5,2121.27
013634,33,5,1575.1599999999999
013635,68,1,1071.03
013636,37,5,949.12
013637,52,3,810.5
013638,16,1,122.64
013639,74,1,1033.3400000000001
013642,216,1,354.8
013643,31,3,519.44
013644,16,4,2624.26
013645,120,1,252.1
013647,10,4,1678.1200000000001
013649,257,2,346.6
013650,17,6,1836.3400000000001
013651,35,2,94.2
013652,46,3,1095.08
013654,43,6,2707.33
013655,114,2,932.97
013656,165,2,379.65000000000003
013657,11,2,382.14
013658,10,5,2639.1700000000005
013659,206,2,1573.1999999999998
013662,86,3,897.76
013663,179,1,189.46999999999997
013666,60,3,84.65
013667,149,1,305.0199999999999
013668,3,21,6363.59
013669,51,2,218.55
013670,75,1,349.7
013672,301,2,186.39
013673,19,2,396.91999999999996
013675,151,2,486.82000000000005
013678,152,1,232.6
013680,1,4,3722.42
013681,18,4,827.83
013682,187,1,59.5
013684,286,1,67.23
013685,3,7,3119.44
013686,183,1,72.0
013689,63,1,910.0
013690,59,1,172.25
013692,25,3,1488.32
013694,4,50,65039.619999999995
013695,31,15,2504.13
013697,39,1,151.3
013699,155,1,308.58
013700,26,10,2265.12
013703,318,1,99.5
013704,5,9,2308.0600000000004
013705,8,3,711.86
013706,303,1,330.79
013707,267,2,806.41
013708,271,1,296.88
013709,4,13,6328.05
013710,32,1,180.48
013711,219,2,252.06000000000003
013712,247,1,228.83999999999997
013715,281,5,1079.3400000000001
013716,269,1,138.28
013717,32,6,1445.0100000000002
013718,246,2,306.55
013719,15,5,1041.68
013720,117,4,799.9
013721,36,1,524.1400000000001
013722,132,3,2375.41
013723,217,1,199.85000000000002
013725,50,8,1980.56
013726,39,2,1079.6599999999999
013727,29,2,333.48
013728,37,6,1016.1400000000001
013730,136,2,752.6
013731,219,2,610.59
013732,28,1,491.86000000000007
013735,25,4,2885.2399999999993
013736,5,2,731.8999999999999
013737,200,1,339.6
013739,18,1,216.9
013740,241,1,350.75
013741,72,3,668.4300000000001
013742,17,12,3131.0199999999995
013743,3,7,1341.6
013744,95,2,1156.36
013745,162,1,300.03999999999996
013747,374,1,79.6
013748,96,5,948.2499999999999
013750,54,5,1647.26
013751,288,1,296.25
013752,124,6,1186.28
013753,288,1,741.26
013754,152,2,282.6
013755,4,9,2161.35
013756,2,14,5189.52
013758,12,7,3190.55
013759,33,2,659.41
013760,54,2,286.78999999999996
013761,50,2,1070.65
013762,219,1,306.72
013763,63,1,1714.9599999999998
013764,71,3,1521.7600000000002
013767,2,37,17220.36
013769,2,10,2796.51
013771,64,4,2634.45
013772,34,3,1132.13
013774,82,1,345.0
013777,1,33,25977.160000000003
013778,103,1,178.7
013780,7,2,360.01000000000005
013781,251,1,127.84
013782,13,6,912.0
013784,10,11,2462.7899999999995
013786,367,1,230.4
013787,76,2,309.04
013790,4,1,348.79999999999995
013791,128,2,1516.0
013792,66,2,195.54999999999995
013798,1,57,37153.85
013799,117,2,688.8600000000001
013800,310,1,558.32
013801,67,1,324.79999999999995
013802,139,3,4599.42
013803,255,1,277.07000000000005
013804,31,7,2635.79
013805,52,2,924.5999999999999
013806,64,1,256.38
013807,367,1,112.6
013808,6,5,1747.6600000000003
013819,302,3,1140.35
013821,145,2,385.64
013822,6,2,632.0
013823,19,2,957.66
013824,33,5,1698.94
013826,176,1,189.5
013827,58,3,412.05
013828,22,1,209.49000000000004
013831,16,6,2202.99
013832,19,1,52.199999999999996
013833,159,1,384.7999999999999
013835,25,4,834.57
013837,212,2,271.24
013838,6,4,691.7299999999999
013841,253,1,85.0
013842,59,9,3385.6200000000003
013844,11,1,361.62
013845,65,1,312.98
013846,25,3,865.0600000000002
013848,92,3,1255.0
013849,52,2,1537.95
013850,129,1,1595.4800000000002
013851,96,3,2651.4599999999996
013853,57,1,1090.1399999999999
013854,9,25,8109.52
013856,169,3,388.5
013858,57,1,216.17000000000002
013859,326,1,201.16
013860,1,5,1245.9
013862,18,8,2209.36
013863,248,1,305.78
013865,58,4,501.56
013866,74,1,145.67
013867,31,3,1015.29
013868,7,2,3192.54
013869,123,4,3104.95
013870,2,8,2770.94
013871,23,13,6403.25
013873,120,3,389.59999999999997
013874,358,1,540.45
013875,54,5,1786.79
013876,64,1,122.69999999999999
013877,86,1,117.24000000000001
013878,55,1,1281.53
013880,21,13,3219.7700000000004
013881,3,20,17159.52
013882,3,5,1191.13
013883,11,5,2674.48
013884,7,5,787.6000000000001
013885,189,2,506.8
013886,71,1,243.56
013887,204,1,349.54999999999995
013888,120,2,605.63
013889,93,1,416.9
013890,1,10,1883.8100000000004
013892,27,4,632.97
013893,298,1,821.1000000000001
013894,24,3,564.6200000000001
013895,28,4,2593.0699999999997
013897,50,1,311.15999999999997
013898,326,1,155.93
013899,16,2,388.52
013900,183,3,740.9499999999999
013901,72,5,2867.2
013904,37,2,332.64000000000004
013908,80,4,2369.55
013911,57,9,2580.91
013914,12,2,626.45
013917,50,2,272.03999999999996
013918,50,2,1212.8400000000004
013922,352,1,172.24999999999997
013923,54,1,351.13000000000005
013924,2,6,1838.85
013925,93,4,678.25
013926,23,1,223.85000000000002
013927,75,1,348.99000000000007
013928,11,4,464.57
013929,169,2,842.65
013930,58,2,337.34
013931,96,2,1237.53
013932,295,1,307.4
013933,109,2,608.7899999999998
013934,264,1,922.0999999999999
013936,180,1,376.5799999999999
013937,169,1,158.85
013938,35,1,71.66
013939,23,3,568.55
013940,17,4,839.14
013941,22,5,5112.96
013946,79,3,561.57
013947,65,1,90.6
013948,361,1,101.99999999999999
013949,3,6,2427.3199999999997
013950,11,4,745.0600000000001
013951,176,3,674.4499999999998
013952,218,2,3251.071
013953,7,7,3515.6799999999994
013954,1,2,439.92
013955,154,2,322.96
013956,5,5,1026.42
013959,79,3,598.1999999999999
013960,21,2,230.22
013962,22,2,169.55
013963,308,4,664.5400000000001
013967,146,1,80.7
013969,7,18,9053.939999999999
013971,19,8,2758.26
013972,71,2,190.25000000000003
013973,287,1,264.7
013974,49,1,413.59
013975,31,6,2526.2799999999997
013976,207,1,357.98
013978,15,2,196.79
013979,73,1,869.8699999999998
013980,60,1,200.14000000000001
013982,39,4,1871.81
013983,30,12,2603.4300000000003
013984,27,5,920.51
013985,4,15,7060.13
013986,17,1,320.46000000000004
013988,20,6,4147.96
013989,66,2,1266.08
013990,213,1,311.3
013991,12,6,855.9700000000001
013992,30,1,76.8
013993,43,9,3466.3600000000006
013994,4,6,2313.1400000000003
013995,15,5,1393.69
013999,10,12,3901.81
014000,211,1,635.6600000000001
014001,46,3,2043.0800000000002
014002,134,2,529.7299999999999
014004,43,7,4582.639999999999
014005,10,5,2874.72
014006,116,3,962.1899999999999
014009,198,2,695.6099999999999
014012,278,1,328.8
014013,110,3,473.02
014014,77,1,505.18
014015,53,1,917.34
014019,47,3,1421.61
014020,17,2,642.8000000000001
014021,155,3,631.9000000000001
014022,225,1,440.0
014023,7,2,584.0699999999999
014024,122,2,327.70000000000005
014027,61,1,104.82000000000002
014029,63,2,467.66
014030,18,8,2360.0899999999997
014031,7,19,17286.86
014032,2,11,2975.59
014034,22,3,651.8199999999999
014035,29,5,1428.0200000000002
014036,285,1,626.65
014037,176,2,147.2
014038,78,3,1560.3799999999994
014039,33,1,152.2
014040,41,12,3614.92
014041,266,1,141.41
014044,27,4,652.8199999999999
014045,109,4,1659.75
014046,284,1,154.99
014047,9,5,1308.6100000000001
014048,305,1,409.93
014049,17,4,5681.72
014050,32,2,746.3599999999999
014051,1,23,15610.390000000003
014052,20,1,225.36
014053,124,2,260.25
014054,65,1,92.46
014055,106,1,725.6400000000001
014056,1,23,8214.65
014057,24,17,6217.959999999999
014059,267,1,183.6
014060,5,19,6140.42
014062,10,12,10464.850000000002
014064,29,5,1353.74
014066,267,1,152.55
014067,64,2,374.7
014068,320,1,265.85
014071,4,8,1438.8200000000002
014073,32,1,151.04
014075,5,3,942.26
014076,129,1,122.47
014077,41,5,499.4200000000001
014078,102,6,1049.37
014079,125,1,375.0999999999999
014080,33,1,45.599999999999994
014081,302,2,934.52
014082,365,1,182.24999999999997
014083,4,9,1018.4300000000001
014085,2,18,4448.540000000001
014087,3,1,194.42
014088,10,13,50491.81
014089,57,1,161.0
014090,325,1,76.32000000000001
014092,8,14,4076.91
014093,12,1,442.84999999999997
014096,4,17,65164.79
014098,37,1,147.34999999999997
014099,16,11,3104.17
014100,138,1,194.90000000000003
014101,74,6,5976.790000000001
014102,5,5,1360.28
014104,154,2,216.20999999999998
014105,239,1,1266.23
014107,52,7,2703.23
014108,31,2,597.9100000000001
014109,73,1,144.2
014110,4,12,5683.1500000000015
014111,14,4,692.85
014112,23,7,2915.15
014113,4,4,1840.4199999999998
014114,274,2,386.53
014116,20,5,1382.7399999999998
014117,144,1,90.0
014121,4,4,2780.15
014124,84,1,419.58000000000004
014125,11,3,2740.4300000000003
014126,8,3,706.1300000000001
014127,123,3,709.7099999999999
014128,61,2,637.5000000000002
014129,2,5,1123.8600000000001
014130,319,1,483.86
014132,2,11,3586.0299999999997
014133,130,3,605.6399999999999
014135,2,15,4690.3099999999995
014138,2,2,982.3800000000002
014139,46,1,415.81999999999994
014140,4,2,935.05
014141,3,4,915.1300000000001
014142,373,1,311.81
014143,134,1,115.8
014145,47,4,3742.2
014146,9,5,4191.0
014147,78,2,483.4
014148,234,1,157.2
014149,221,1,446.62000000000006
014150,36,2,658.64
014152,75,2,621.29
014154,239,2,1345.62
014155,266,1,118.75
014157,20,2,432.88
014158,40,1,507.65999999999997
014159,20,11,4693.01
014161,216,3,1110.52
014162,174,2,289.36
014163,87,4,2445.9100000000003
014164,71,2,1631.7700000000004
014165,276,1,122.54
014167,39,4,574.84
014171,98,1,363.79
014173,11,4,450.8400000000001
014174,33,1,134.46
014175,60,3,3222.3
014176,297,4,576.9
014177,86,4,559.4100000000001
014178,9,7,1620.9300000000003
014179,41,2,719.78
014180,11,25,4748.52
014184,67,1,452.89
014185,331,1,197.65
014188,31,6,2054.36
014189,2,15,4654.08
014191,2,13,4684.76
014193,68,2,853.3900000000001
014194,5,21,11349.52
014195,202,2,1011.9999999999998
014196,107,1,335.52
014198,18,4,701.4
014199,218,1,185.39999999999998
014201,60,7,747.4400000000002
014204,2,1,161.02999999999994
014205,17,2,466.70000000000005
014206,239,1,328.15999999999997
014208,95,1,151.73999999999998
014209,11,6,2073.4300000000003
014210,106,6,1905.8400000000001
014211,53,9,2241.1000000000004
014212,90,1,1070.48
014214,31,5,1004.3800000000001
014215,12,6,1789.72
014216,3,4,1839.3000000000002
014217,2,17,2004.9799999999998
014218,43,1,169.48000000000002
014219,4,1,89.94
014220,247,2,632.3999999999999
014221,42,9,3432.8
014222,177,1,683.1700000000001
014223,92,3,991.1300000000001
014224,110,4,1050.1200000000001
014226,29,5,2232.19
014227,26,10,3350.96
014229,52,3,1547.2
014231,184,3,925.71
014232,43,5,2048.07
014233,49,4,1462.7200000000003
014234,22,4,775.4600000000003
014235,75,5,3144.86
014236,81,2,490.86
014237,373,1,161.00000000000003
014238,326,1,146.85
014239,43,11,2380.8500000000004
014240,30,2,890.3400000000001
014241,184,1,213.70000000000005
014242,235,2,280.55
014243,9,10,2588.7699999999995
014245,220,2,1693.4499999999998
014246,111,3,1474.0600000000002
014247,278,1,136.76999999999998
014248,318,1,302.58
014250,7,3,1904.05
014251,2,5,2879.7
014256,260,2,969.06
014257,64,5,3099.7200000000003
014258,9,9,12669.98
014259,142,1,120.0
014261,51,2,1163.45
014262,8,8,2618.2299999999996
014264,155,2,333.97
014267,163,3,1516.24
014270,332,1,492.65
014271,226,1,112.32
014272,74,2,437.96000000000004
014273,51,4,559.97
014276,99,3,1119.7400000000002
014280,197,1,134.04
014282,3,15,3729.34
014284,31,2,595.25
014285,21,4,1910.0100000000002
014286,24,3,4628.75
014287,8,3,176.63
014288,213,1,426.6
014289,9,6,911.26
014290,11,5,2314.6499999999996
014291,2,11,3883.25
014292,8,9,4871.929999999999
014293,3,4,1046.56
014295,40,1,166.2
014297,18,4,1305.3299999999997
014298,8,44,51527.299999999996
014299,8,9,3965.62
014300,19,1,43.2
014301,117,1,640.1400000000001
014304,223,1,383.45000000000005
014305,71,3,1858.9600000000003
014306,51,2,2093.3199999999997
014307,89,6,2995.72
014309,8,9,2352.53
014311,243,1,310.26
014312,47,6,1611.59
014314,107,1,120.0
014315,45,6,2481.13
014317,65,1,508.58
014320,207,2,477.78999999999996
014321,11,5,1530.7500000000002
014323,115,2,605.0600000000001
014326,242,1,183.85000000000002
014327,163,1,311.65000000000003
014329,17,7,5014.839999999999
014331,124,2,462.65999999999997
014332,23,3,866.3100000000001
014333,68,1,415.2
014334,17,8,2552.2100000000005
014336,17,4,1614.91
014338,161,2,588.2199999999999
014339,243,1,309.52
014340,219,1,134.7
014341,45,8,2182.28
014342,21,4,668.5600000000002
014344,127,8,889.9300000000002
014345,39,1,108.97999999999999
014346,121,2,1021.58
014348,260,1,409.57
014349,10,1,133.5
014350,274,1,282.92999999999995
014351,165,1,51.0
014352,157,4,1078.9600000000003
014353,215,1,90.6
014354,6,2,163.62
014355,366,1,174.4
014356,80,2,701.23
014357,43,1,225.76999999999998
014359,19,3,912.1800000000001
014360,32,4,2128.2300000000005
014362,22,1,161.2
014364,109,8,3717.35
014367,8,16,9261.52
014368,320,1,155.0
014371,295,1,100.5
014373,358,1,76.55
014375,185,1,257.68
014377,191,2,617.05
014379,44,2,348.1
014381,52,1,202.68
014382,26,1,626.07
014383,38,3,1247.69
014385,9,3,202.10999999999999
014386,297,1,142.4
014387,33,3,1770.5600000000002
014388,10,8,3212.84
014389,65,2,1043.46
014390,10,9,4652.82
014393,218,1,67.94999999999999
014395,2,9,3507.71
014396,65,2,487.99000000000007
014397,3,19,2612.96
014400,149,1,574.6999999999999
014401,4,13,4051.4799999999996
014403,130,4,1475.8100000000002
014404,34,6,1474.32
014406,119,1,156.75
014407,107,6,2157.73
014408,11,7,2606.53
014409,71,6,2059.4500000000003
014410,92,9,1105.0700000000002
014411,311,1,1063.0
014412,43,2,770.0300000000001
014413,362,1,122.7
014414,92,7,1496.98
014415,1,13,5900.280000000001
014416,22,2,490.2200000000001
014418,4,3,1937.25
014419,11,6,1058.06
014420,99,1,387.52
014421,57,2,813.1100000000001
014422,1,6,4263.639999999999
014423,218,1,265.2
014424,18,1,322.08
014426,24,10,4481.67
014427,50,2,363.34000000000003
014428,7,5,1244.83
014431,303,1,470.36
014432,10,6,2255.51
014434,22,6,1372.8
014436,99,1,89.06
014437,366,1,63.0
014438,306,1,131.9
014440,8,5,2357.6800000000003
014441,1,4,1712.8900000000003
014443,54,4,1420.2
014446,1,4,1039.58
014447,19,5,1163.2300000000002
014448,9,2,375.35
014449,19,4,907.1
014450,181,3,483.24999999999994
014451,60,2,662.59
014452,11,2,264.44
014453,190,1,119.93
014456,5,9,3062.3999999999996
014457,311,1,113.64
014459,155,1,1837.92
014460,110,3,434.34000000000003
014461,148,3,2103.0599999999995
014462,66,11,2004.02
014463,98,3,529.62
014465,247,3,1058.62
014466,29,7,2272.4
014467,18,4,598.76
014470,12,2,461.19000000000005
014472,104,8,1936.84
014473,74,2,234.34
014474,46,1,547.6600000000001
014475,72,3,925.8499999999999
014476,257,1,215.7
014477,20,4,1309.6000000000001
014479,254,2,316.24999999999994
014480,11,1,279.05
014481,165,2,636.51
014482,18,6,2068.15
014483,282,1,137.1
014484,50,1,321.92
014485,39,1,165.75
014487,27,6,1196.33
014488,68,1,1064.2800000000002
014489,207,1,463.38
014491,175,2,340.93
014493,7,5,2383.2400000000002
014494,26,1,139.56
014495,51,2,123.79999999999998
014496,312,2,538.8100000000001
014497,309,1,475.37
014498,43,5,1957.3200000000002
014499,26,3,815.3199999999999
014500,88,3,356.85
014501,184,2,251.21
014502,20,11,2470.67
014503,3,6,3543.26
014504,47,4,673.26
014505,17,8,5905.64
014506,17,5,2012.17
014507,24,6,1383.18
014508,22,2,276.42
014511,11,5,1314.8100000000002
014512,188,2,275.28
014513,101,3,455.59000000000003
014514,61,3,1055.35
014515,18,6,2102.0899999999997
014517,33,2,330.45000000000005
014518,64,1,174.37
014520,2,2,270.6
014522,24,4,974.54
014523,108,1,241.09
014524,32,9,1867.6800000000003
014525,20,9,4332.2
014527,3,55,8508.82
014528,37,1,364.21999999999997
014529,60,3,620.04
014530,26,6,2925.9100000000003
014532,236,4,932.8500000000001
014533,25,7,1949.7200000000003
014534,3,18,4447.050000000001
014535,60,3,2864.19
014536,260,1,171.8
014537,58,1,355.56000000000006
014538,65,2,388.24999999999994
014539,16,2,537.48
014540,10,3,996.26
014541,59,8,1461.6500000000003
014542,186,1,103.25000000000001
014543,29,16,3630.3300000000004
014544,24,2,2024.45
014546,5,5,2578.09
014547,4,8,4007.54
014548,151,2,652.8
014549,311,1,289.24
014550,11,2,765.62
014551,18,2,186.23000000000002
014552,152,1,165.07
014553,19,5,859.2700000000001
014554,10,4,2381.04
014555,57,2,324.14
014557,85,1,788.38
014560,7,22,2237.7699999999995
014561,76,3,1080.76
014562,4,18,5074.77
014565,96,4,3099.1200000000003
014567,57,2,1530.3600000000001
014569,1,1,227.38999999999996
014570,281,2,218.06
014572,3,7,2832.84
014573,180,9,1653.42
014576,372,1,35.400000000000006
014577,13,4,859.7100000000002
014578,3,1,168.63
014581,17,1,138.6
014582,41,1,114.11
014583,6,5,1052.55
014584,169,4,1042.2600000000002
014585,50,1,157.05
014586,277,1,237.36
014587,19,9,1601.1399999999999
014589,372,1,39.75
014591,15,4,1447.14
014592,35,3,570.4599999999999
014593,22,3,617.99
014594,7,2,379.8299999999999
014595,20,6,1740.6000000000001
014597,11,2,883.1500000000001
014598,44,1,221.97
014600,306,1,393.33
014601,11,1,213.96000000000004
014603,275,1,660.0
014606,1,93,12156.650000000001
014607,16,14,16569.5
014608,4,4,1785.1499999999999
014609,72,4,601.5600000000001
014616,243,3,406.08000000000004
014618,9,3,553.44
014619,246,1,394.43999999999994
014620,206,2,412.78000000000003
014621,1,5,1788.3600000000004
014622,185,1,320.58
014623,32,5,889.2499999999999
014624,57,2,225.84999999999997
014625,196,2,899.63
014626,24,4,2791.27
014628,91,2,671.9599999999999
014629,4,2,959.01
014631,51,3,1006.98
014632,263,1,114.56
014633,266,1,344.9000000000001
014636,36,2,609.8500000000001
014638,51,1,443.6
014639,52,6,2984.49
014640,24,6,2125.08
014641,22,1,110.46
014642,59,1,96.12
014643,170,2,693.81
014644,68,2,830.76
014645,157,2,597.0899999999999
014647,201,1,243.21999999999997
014649,5,4,1417.29
014651,67,2,654.5999999999999
014652,77,1,114.18
014653,1,7,1947.5499999999997
014655,8,4,1932.23
014656,169,2,291.05
014657,18,4,848.22
014658,5,2,247.14999999999998
014659,9,9,2529.93
014660,87,2,285.73999999999995
014661,27,1,107.95
014662,29,4,771.1700000000001
014664,20,2,637.8900000000001
014665,61,5,1835.6999999999998
014666,24,1,195.25
014667,11,25,9241.2
014669,242,3,1269.9900000000002
014670,280,2,411.53000000000003
014672,235,2,765.55
014673,3,5,1736.4
014675,16,1,604.7500000000001
014676,31,6,2548.2400000000002
014680,25,16,28754.11
014681,71,3,498.95
014682,188,2,52.0
014684,26,5,1236.2799999999997
014687,107,1,628.3799999999999
014688,8,21,5630.870000000001
014689,209,1,112.80000000000001
014690,44,2,371.7
014691,31,5,2114.33
014692,137,4,591.5500000000001
014693,264,1,172.9
014696,4,7,2078.95
014697,218,2,188.60999999999996
014698,2,5,1250.76
014699,214,1,109.13000000000001
014700,32,3,2235.2999999999997
014701,11,9,2549.37
014702,1,17,3292.1400000000003
014703,15,1,318.16999999999996
014704,11,9,1546.9099999999999
014705,199,1,179.0
014708,3,3,1126.37
014709,15,13,4921.040000000001
014710,14,4,606.13
014711,10,11,2868.7999999999997
014712,29,3,917.07
014713,9,11,2666.36
014714,24,1,160.19
014715,25,4,867.3800000000001
014716,43,2,329.67999999999995
014719,2,5,1602.13
014720,6,3,663.8100000000002
014722,147,1,187.92
014723,10,6,1158.3
014725,25,1,718.08
014727,274,1,268.58
014729,374,1,313.49000000000007
014730,1,8,2005.06
014731,47,3,380.02000000000004
014732,8,8,2702.49
014733,16,12,9585.91
014735,4,32,6065.6900000000005
014737,4,3,1164.55
014738,43,7,1314.45
014739,4,7,3902.2799999999997
014740,197,3,1448.2099999999998
014741,12,6,1400.3400000000001
014744,16,7,1099.98
014745,113,5,1220.2600000000002
014747,249,1,328.19999999999993
014748,29,5,1415.75
014752,44,1,389.63999999999993
014753,87,1,563.1499999999999
014754,45,2,638.05
014755,10,11,5010.280000000001
014756,15,1,738.9599999999998
014757,75,1,420.50000000000006
014758,145,4,1484.06
014759,5,3,1625.97
014760,297,1,89.2
014761,59,2,255.89999999999998
014762,264,1,300.52
014764,47,1,278.3
014765,29,3,254.11
014766,8,6,2473.37
014768,17,2,192.60000000000002
014769,3,8,10674.75
014770,232,2,876.42
014772,112,1,139.26
014775,58,3,1011.8999999999999
014776,51,11,2538.2999999999997
014778,127,2,730.8599999999999
014779,281,3,386.15
014780,55,2,447.68
014782,320,1,200.10000000000002
014784,26,2,289.99
014785,10,2,77.4
014788,7,2,679.4399999999998
014789,29,1,197.64000000000001
014790,17,4,745.0600000000001
014792,64,1,6.2
014793,21,1,228.99
014794,3,7,1319.91
014795,166,1,131.45
014796,1,17,8022.49
014798,53,3,173.74
014799,51,1,157.70000000000002
014800,48,12,4339.74
014801,61,1,193.13999999999996
014803,162,3,845.55
014804,9,1,353.27
014805,15,4,554.6500000000001
014806,75,1,193.39
014808,40,8,2741.17
014810,41,11,2087.88
014813,370,2,155.42999999999998
014815,37,2,778.5
014816,197,1,271.85
014817,200,2,1110.3400000000001
014818,74,3,657.8
014819,64,2,272.07
014820,21,4,507.28999999999996
014821,367,1,48.800000000000004
014823,180,3,321.42999999999995
014824,10,4,1127.7100000000003
014825,4,12,2226.9100000000003
014828,197,3,2139.76
014829,29,4,697.55
014830,53,1,197.13
014834,18,6,1720.3
014836,10,3,102.44999999999999
014837,90,4,1649.5000000000002
014840,268,1,62.85
014841,53,6,3295.7599999999998
014842,44,4,2824.6899999999996
014844,64,4,3189.8100000000004
014847,149,1,309.4
014849,22,25,7930.54
014850,312,1,325.75
014851,23,2,511.3499999999999
014852,58,6,2836.69
014853,24,2,475.79999999999995
014854,78,7,2759.8300000000004
014855,119,2,645.65
014856,36,3,1311.38
014857,60,2,1173.12
014859,13,4,1353.74
014860,19,1,170.32
014861,52,1,125.79000000000002
014862,26,2,841.2
014863,29,1,266.76
014865,7,2,52.2
014866,11,12,14389.900000000001
014867,186,3,710.28
014868,3,8,2953.59
014869,9,2,725.7
014870,262,1,327.24999999999994
014871,3,4,522.38
014873,210,1,519.6800000000001
014875,108,2,1465.3199999999997
014878,13,9,1485.5400000000002
014880,77,3,706.1900000000002
014881,20,1,255.4
014882,27,2,589.7
014883,19,6,761.5899999999999
014885,132,1,765.3199999999999
014886,253,1,364.79999999999995
014887,79,1,1862.0
014888,207,1,369.2
014889,336,1,135.9
014890,254,1,125.65
014891,148,2,554.38
014893,10,2,1237.8500000000001
014894,85,1,655.7499999999999
014895,8,20,11138.71
014896,205,2,468.77000000000004
014897,8,4,1366.38
014898,23,6,1303.52
014901,11,9,1421.29
014902,26,1,332.66
014903,21,5,2810.63
014904,2,2,1025.44
014905,158,2,616.15
014907,3,7,3501.1000000000004
014908,74,1,277.79999999999995
014910,3,4,434.35
014913,36,4,1227.43
014915,91,2,307.48
014916,71,4,1268.98
014918,116,2,1610.1499999999996
014920,213,2,977.77
014921,30,2,1316.0700000000002
014923,51,1,749.1
014924,246,1,310.05
014929,32,1,223.88
014944,30,12,5900.25
014946,14,1,100.9
014947,72,2,290.82000000000005
014948,23,6,1101.97
014950,19,1,371.2
014951,79,1,311.69000000000005
014952,60,11,8099.489999999999
014953,25,1,289.82000000000005
014954,12,1,336.16999999999996
014957,253,1,58.49
014958,147,3,499.68
014959,64,4,695.4199999999998
014960,8,2,221.26999999999998
014961,11,9,7044.68
014962,271,1,126.70000000000002
014963,10,5,1487.8
014964,247,1,206.21
014965,96,2,599.0
014966,15,1,191.32
014967,50,1,463.8
014968,30,1,147.59000000000003
014970,68,4,1592.06
014971,35,3,1116.5700000000002
014972,128,1,114.77
014973,107,3,1314.4499999999998
014974,37,1,114.39
014975,57,1,279.94
014976,57,7,790.86
014978,72,5,1931.42
014981,246,1,102.12
014984,19,2,213.27
014985,198,2,296.75
014987,16,2,326.4
014988,212,1,334.53999999999996
014995,39,2,233.23000000000002
014997,46,3,546.2
014998,170,2,429.87
015000,48,1,490.52000000000004
015002,116,4,1641.7599999999998
015004,147,1,1246.3200000000002
015005,16,28,6316.57
015006,51,1,502.09000000000003
015007,159,1,156.91000000000003
015009,12,3,1261.78
015010,36,1,308.94
015012,54,2,423.04
015014,43,2,260.17
015016,173,1,170.04
015017,34,1,125.58000000000001
015018,39,3,496.21
015019,267,1,265.99999999999994
015021,9,9,1914.8200000000002
015022,12,4,905.0400000000001
015023,3,11,6802.76
015024,10,10,1661.33
015025,33,1,377.01
015026,80,3,469.0
015027,31,4,1066.15
015028,8,4,627.1300000000001
015030,72,2,518.28
015031,4,4,668.1400000000001
015032,256,3,4959.1
015033,5,10,2586.67
015034,16,8,4308.610000000001
015035,90,1,252.73000000000002
015036,72,3,465.5499999999999
015038,59,6,705.49
015039,10,47,19914.44
015041,170,1,180.35000000000002
015042,199,1,135.93
015043,31,1,537.0
015044,19,17,7700.23
015045,152,2,735.6600000000001
015046,9,15,5213.7699999999995
015047,270,1,343.61999999999995
015048,65,4,384.05
015049,274,1,121.17000000000002
015050,25,3,1782.09
015051,23,3,1391.6100000000001
015052,319,1,215.78
015053,5,3,697.7900000000001
015054,12,2,302.1
015057,275,2,1489.5
015058,25,11,2124.9900000000002
015059,41,9,1337.7199999999998
015060,8,4,303.09000000000003
015061,4,48,54534.14
015062,71,4,987.86
015063,213,1,370.79999999999995
015065,38,4,3158.13
015066,53,1,893.59
015067,78,3,1744.76
015068,46,2,553.36
015069,179,1,1109.5300000000002
015070,373,1,106.2
015071,94,2,982.07
015073,10,3,1043.4099999999999
015074,105,1,748.87
015075,78,1,773.03
015076,173,1,880.8499999999999
015078,7,32,9743.11
015079,213,4,895.61
015081,22,5,504.79999999999995
015083,257,1,88.19999999999999
015087,282,1,306.94
015088,21,2,1160.0699999999997
015089,10,6,2420.84
015090,308,1,381.32
015091,68,1,480.71
015092,215,2,457.80999999999995
015093,18,6,4597.0199999999995
015095,104,4,1370.6
015096,43,1,219.39
015097,4,1,248.07999999999998
015098,182,3,39916.5
015099,84,1,410.48
015100,334,3,876.0
015101,9,2,317.53
015103,31,2,703.3599999999999
015104,197,2,1027.44
015105,18,7,2298.9300000000003
015106,18,5,1422.52
015107,311,6,319.5
015109,246,1,484.9500000000001
015110,24,4,996.1
015111,29,3,1567.4799999999998
015113,10,3,3609.3299999999995
015114,30,10,2760.5599999999995
015115,18,1,340.11
015116,18,4,1352.75
015117,15,5,1551.7800000000002
015118,134,1,244.8
015119,246,1,266.4
015120,134,1,358.8199999999999
015121,50,2,457.72
015122,114,3,1633.7799999999997
015123,7,2,2199.3100000000004
015124,23,2,184.19000000000003
015125,25,15,11528.480000000001
015127,66,1,406.53000000000003
015128,60,4,1471.0
015129,50,11,3447.4
015130,170,1,330.11000000000007
015132,18,5,977.93
015133,128,3,982.4199999999998
015134,15,8,1387.99
015135,239,1,139.04999999999998
015136,3,4,1286.7000000000003
015139,240,2,178.96
015140,52,7,2354.25
015142,46,1,498.74000000000007
015143,226,1,259.45
015144,8,17,6580.4400000000005
015145,4,4,1194.7300000000002
015146,165,2,1327.16
015147,240,1,623.5
015148,11,1,301.29
015149,134,1,520.8
015150,17,10,5314.469999999999
015152,10,13,4745.6900000000005
015153,31,1,329.25
015154,75,1,296.42
015156,1,3,961.4899999999999
015157,4,3,1936.0700000000004
015158,45,1,401.4000000000001
015159,2,30,18641.010000000002
015160,357,1,158.16000000000003
015163,18,2,304.4699999999999
015164,69,3,843.0499999999998
015165,373,1,487.75
015167,321,1,163.00000000000003
015168,26,1,106.56
015171,331,1,1289.5
015172,9,5,1624.05
015174,323,1,135.75
015175,72,1,224.14000000000004
015178,260,1,40.5
015179,18,5,2206.9500000000003
015180,367,1,87.5
015181,66,3,689.48
015182,154,2,622.8499999999998
015184,29,2,406.76
015185,70,1,310.62
015186,14,2,411.41
015187,2,16,4777.180000000001
015189,1,41,16225.390000000003
015192,120,3,1044.3200000000002
015193,61,1,499.31999999999994
015194,3,15,7616.530000000001
015195,3,1,3861.0
015197,11,3,1079.6100000000001
015198,92,2,193.64
015199,59,4,1268.6999999999998
015201,87,5,1236.54
015203,26,6,1827.8
015204,357,1,316.58
015205,85,2,653.24
015206,10,4,420.3
015208,1,5,870.12
015210,225,1,331.18
015211,60,2,894.41
015212,241,1,101.79999999999998
015213,319,2,328.35
015214,2,8,1661.44
015215,47,3,734.9399999999999
015216,88,1,96.6
015218,11,11,5756.89
015219,176,1,305.75
015220,52,6,1778.9599999999996
015221,366,1,403.25
015222,319,1,585.0
015223,226,2,755.75
015224,358,2,322.0799999999999
015225,234,1,409.4000000000001
015226,311,1,154.41
015227,37,5,1219.4
015228,66,4,3386.71
015230,239,2,429.6
015232,113,2,612.0600000000001
015234,277,1,197.00000000000006
015235,218,12,2247.51
015236,299,1,321.04999999999995
015237,2,4,1412.3200000000002
015238,29,3,1071.99
015239,10,2,780.59
015240,45,5,1706.57
015241,67,8,1756.44
015243,74,1,316.68
015244,65,2,631.5699999999999
015245,134,3,2515.84
015246,238,2,514.15
015247,122,1,356.0
015249,32,13,6688.459999999999
015251,9,11,10484.99
015252,36,2,740.78
015253,16,5,918.1999999999998
015254,127,1,300.36000000000007
015255,67,1,890.85
015256,149,1,98.45
015257,283,1,317.15
015258,169,2,623.1600000000001
015260,100,7,1810.77
015261,135,1,254.81999999999996
015262,324,1,178.95000000000002
015263,107,1,156.50999999999996
015264,64,1,393.7400000000001
015265,151,2,1506.12
015266,338,1,119.30000000000001
015267,22,5,1717.36
015269,24,1,408.8
015270,16,7,2379.49
015271,7,15,2507.07
015272,57,2,721.94
015274,4,2,716.57
015275,38,1,615.14
015276,66,1,135.31
015277,47,1,255.89999999999998
015279,355,1,290.51
015280,172,1,113.12
015281,59,9,2332.1499999999996
015286,50,1,240.55
015287,22,2,486.69
015288,43,5,2306.5200000000004
015289,29,3,939.78
015290,5,18,7943.219999999999
015291,26,15,4668.300000000001
015292,201,1,180.94
015296,51,6,3672.8599999999997
015297,10,3,641.94
015298,2,12,4799.9
015299,67,7,4507.01
015300,64,1,496.43999999999994
015301,51,12,5070.349999999999
015303,290,1,574.02
015304,61,8,694.4000000000002
015306,64,3,1174.35
015307,96,1,205.3
015308,274,1,310.46999999999997
015311,1,91,60767.899999999994
015312,75,4,924.85
015313,110,1,52.0
015314,199,1,327.96999999999997
015315,64,2,570.5000000000001
015316,327,1,165.0
015318,4,1,312.62
015319,284,1,204.5
015320,44,1,267.13000000000005
015321,71,3,2748.3100000000004
015322,86,1,679.68
015325,104,1,162.29000000000002
015326,334,1,311.7099999999999
015327,53,1,208.75
015329,39,3,1049.7
015330,32,2,714.9599999999999
015333,208,1,1028.56
015334,157,3,351.67
015335,53,1,173.97
015339,66,2,574.0699999999999
015341,81,1,2020.52
015342,130,1,406.09
015343,87,1,364.5
015344,1,3,563.9399999999999
015345,46,1,393.53999999999996
015346,333,1,252.42000000000002
015347,366,1,201.59999999999997
015348,72,1,158.04
015349,158,2,473.80999999999995
015350,373,1,115.65
015351,12,7,1960.11
015353,255,2,777.0200000000002
015355,29,2,277.05000000000007
015356,31,10,2766.5
015358,5,22,8347.2
015360,40,1,427.92999999999995
015361,362,1,418.9200000000001
015363,373,1,326.0
015364,96,2,913.1900000000002
015365,26,7,2314.32
015366,75,2,602.5100000000001
015367,57,4,1877.5900000000004
015368,21,1,446.94000000000005
015370,41,7,2386.05
015372,137,1,2007.4
015373,8,12,2415.9100000000003
015374,129,1,168.0
015376,40,3,1233.3599999999997
015379,169,7,3703.29
015380,9,5,1690.26
015381,214,2,596.85
015382,15,6,5955.709999999999
015384,170,2,642.41
015385,40,1,316.88
015386,186,1,394.14
015389,172,1,500.0
015392,5,4,1535.53
015393,16,2,231.86
015394,10,4,2183.5400000000004
015395,326,1,107.45000000000002
015396,113,1,288.17999999999995
015397,290,1,94.0
015398,16,2,1345.5300000000002
015399,1,3,815.77
015400,92,5,716.2
015402,149,2,626.77
015405,189,1,349.1
015406,31,2,510.71000000000004
015407,34,4,1056.44
015408,264,1,267.18
015410,84,8,3450.8400000000006
015411,26,4,1358.88
015412,171,1,190.53
015414,10,3,774.9
015415,313,1,572.81
015416,65,4,3984.3199999999997
015417,85,1,508.80000000000007
015419,25,1,135.85999999999999
015421,59,4,950.36
015422,323,2,97.7
015423,38,1,43.5
015424,254,2,383.34000000000003
015426,19,5,1447.3900000000003
015427,33,3,1483.14
015428,15,1,93.78
015429,27,2,397.35
015432,23,1,171.19
015433,214,2,533.3
015434,8,5,1041.48
015435,22,1,149.29000000000002
015436,12,3,1122.5300000000002
015437,262,1,200.16
015438,131,1,156.57999999999998
015440,55,3,383.68
015442,249,1,594.0
015443,2,7,3236.9100000000003
015444,9,2,1418.2600000000002
015445,264,1,113.5
015447,331,1,155.17
015448,313,1,494.64
015449,26,3,974.5200000000001
015450,30,1,429.84
015452,30,3,538.7299999999999
015453,2,7,1388.37
015454,362,1,179.10000000000002
015456,283,3,447.22
015457,262,1,237.07
015458,25,1,161.64
015460,354,1,216.76
015462,94,3,234.6
015463,29,1,126.14
015464,338,1,1048.85
015465,20,18,7354.619999999999
015466,85,1,334.53000000000003
015467,9,3,524.88
015468,51,2,467.51
015469,50,2,538.5500000000001
015471,2,1,469.4799999999999
015472,113,1,371.5600000000001
015473,14,7,1771.2
015475,77,1,454.10999999999996
015478,40,2,1441.4199999999998
015482,16,12,11054.960000000001
015483,161,4,233.81
015484,1,4,3594.3100000000004
015485,30,3,2575.0
015488,93,1,91.32000000000001
015489,23,3,1134.28
015491,95,6,3100.09
015492,28,2,659.4599999999998
015493,33,5,2001.8000000000002
015494,21,2,1299.23
015497,18,2,1262.2
015498,3,27,13316.400000000001
015500,8,4,1131.5600000000002
015502,16,12,10384.929999999998
015503,363,1,147.09
015504,81,1,52.83
015505,53,5,3610.96
015506,23,3,979.26
015507,172,1,492.36000000000007
015508,189,6,1000.2700000000001
015510,331,1,250.0
015511,12,5,909.23
015512,156,2,121.0
015513,33,19,14758.22
015514,12,11,4139.460000000001
015516,45,3,62.43
015517,233,1,267.03000000000003
015518,64,8,1942.4499999999998
015520,2,1,343.5
015521,40,8,3000.2000000000003
015522,33,2,398.84000000000003
015523,84,1,412.01
015524,25,1,440.0
015525,2,3,825.92
015526,33,2,148.44
015527,19,8,2429.7800000000007
015528,254,1,229.32999999999998
015529,23,11,3995.23
015530,22,4,1502.3500000000004
015531,8,2,2007.4399999999996
015532,25,4,1580.93
015533,19,3,807.57
015535,173,4,536.4000000000002
015537,163,1,110.92000000000002
015539,7,1,538.46
015540,11,1,213.30000000000004
015541,114,1,85.13
015543,288,1,127.86
015544,9,9,3546.7100000000005
015545,54,2,292.71999999999997
015547,7,14,4954.84
015549,77,3,1693.2599999999998
015550,4,4,575.6300000000002
015551,37,1,436.05999999999995
015552,217,1,90.12
015553,60,1,437.23
015554,278,1,217.2
015555,12,16,4805.17
015556,24,1,279.77
015557,29,1,473.65
015561,12,4,800.5899999999999
015562,352,1,134.55
015563,22,4,1400.44
015565,50,2,173.16000000000003
015567,19,1,186.01000000000002
015568,3,3,758.29
015569,104,5,1375.71
015570,7,12,4165.52
015571,12,4,650.4300000000001
015572,5,7,2552.86
015573,32,2,607.45
015574,178,4,702.25
015576,38,1,940.6700000000001
015577,151,3,258.88000000000005
015578,162,1,127.1
015579,69,2,348.59999999999997
015581,121,13,3679.9700000000003
015582,25,3,682.9100000000001
015584,24,4,725.11
015585,177,1,455.29999999999995
015587,50,4,913.6800000000001
015589,256,3,478.53
015592,47,1,388.58
015593,71,1,199.8
015594,16,5,1771.7800000000002
015596,101,5,1406.5900000000001
015597,35,1,324.57
015598,53,1,240.68
015599,27,2,761.74
015601,11,14,6776.56
015602,8,9,1297.8700000000001
015603,79,1,48.480000000000004
015604,52,1,216.39
015605,36,5,1198.23
015606,61,9,2920.16
015607,337,1,104.76
015608,28,4,1093.68
015609,184,1,298.48
015610,52,1,112.46
015611,10,13,1591.4500000000003
015612,36,2,195.15
015615,10,23,10399.74
015618,33,4,776.8510000000002
015619,11,1,336.40000000000003
015620,57,3,1553.1799999999998
015621,4,4,1293.03
015622,43,9,3709.5600000000004
015623,141,1,301.03
015624,117,4,588.13
015625,104,4,1534.26
015626,75,2,675.8000000000001
015628,5,9,2870.24
015630,45,2,1186.35
015632,16,8,3285.3100000000004
015634,17,1,243.55
015636,90,2,724.76
015637,53,1,223.36
015639,134,1,425.32
015640,4,15,12515.66
015641,105,4,1887.2
015643,192,3,664.0
015644,166,4,812.9999999999999
015645,19,1,612.01
015646,158,3,447.64
015648,204,2,657.3500000000001
015649,336,2,816.0
015651,37,3,646.3
015652,91,1,337.74
015653,93,2,877.4399999999999
015654,9,2,922.5300000000001
015655,243,1,560.6700000000001
015656,45,4,748.5
015657,23,1,30.0
015658,190,5,1024.1
015659,44,1,306.45000000000005
015660,25,9,1600.86
015661,317,2,309.8
015663,106,1,138.14
015664,51,1,386.43
015665,168,2,2242.01
015667,40,1,301.32000000000005
015668,218,1,76.32000000000001
015669,40,4,684.34
015670,297,1,173.05
015671,19,7,2657.13
015673,88,4,2881.02
015674,73,5,2446.6000000000004
015675,81,3,323.69
015676,19,3,3435.7599999999998
015677,49,1,657.23
015678,53,1,352.70000000000005
015679,24,4,781.2800000000001
015680,9,3,1333.6799999999998
015681,25,5,1426.16
015683,117,1,193.75
015687,9,9,2993.1
015689,120,2,254.1
015690,4,2,239.76
015691,252,1,136.8
015692,28,1,191.03999999999996
015694,1,14,6479.4
015695,267,2,409.98
015696,33,8,2736.46
015699,18,1,309.6499999999999
015700,172,2,696.6799999999998
015701,2,4,1542.1399999999999
015703,265,1,211.5
015704,140,4,2293.62
015705,201,1,143.10000000000002
015706,64,4,1060.56
015707,35,4,945.5799999999998
015708,41,7,3364.24
015709,284,1,133.25
015712,9,5,1072.36
015713,143,2,356.7
015714,12,2,330.87999999999994
015716,146,4,1118.81
015717,234,1,150.3
015719,33,13,5045.610000000001
015720,24,1,598.73
015721,12,1,507.08
015722,36,5,2222.56
015723,365,1,203.10000000000002
015724,201,2,218.25
015725,15,1,415.25
015727,17,7,5178.959999999999
015729,213,1,85.0
015730,66,3,1120.88
015732,212,2,294.11999999999995
015733,283,1,162.3
015734,115,2,1339.45
015737,15,8,1205.1200000000001
015738,19,16,4812.42
015739,66,1,449.12
015740,49,1,154.88000000000002
015743,16,4,784.4600000000002
015744,78,1,34.8
015745,19,4,1094.59
015746,134,1,196.88000000000002
015747,13,3,974.0399999999998
015748,40,1,149.30999999999997
015749,235,3,44534.3
015750,3,8,2465.48
015752,40,7,2637.38
015753,305,1,79.2
015754,51,3,458.57
015755,10,6,2364.25
015756,61,4,532.96
015757,66,2,714.4200000000001
015758,25,1,205.25
015759,218,3,253.04000000000002
015762,65,2,583.75
015763,32,2,1086.9200000000003
015764,88,6,3279.97
015766,64,1,315.05999999999995
015768,116,3,621.83
015769,7,26,56252.72
015773,6,1,635.6800000000001
015774,69,1,270.79999999999995
015775,245,1,104.9
015776,133,1,241.61999999999998
015777,241,4,1047.1100000000001
015780,184,3,475.28
015781,25,3,345.46000000000004
015782,10,3,2614.7400000000002
015783,11,1,246.3
015785,33,5,2328.9700000000003
015786,46,3,4932.2
015787,26,3,948.05
015789,358,1,351.3
015790,10,1,220.85
015791,44,2,1612.69
015793,15,3,965.6099999999999
015795,150,1,610.01
015796,1,8,2711.56
015797,113,4,2207.4
015799,76,3,884.14
015800,107,2,699.0799999999999
015801,46,3,1063.95
015802,143,1,451.42
015803,51,1,415.82000000000005
015804,1,13,4206.389999999999
015805,23,17,5528.4800000000005
015806,46,3,784.5799999999999
015807,50,3,903.9000000000001
015808,306,4,3734.9700000000003
015809,36,5,515.77
015810,79,4,1391.98
015811,22,6,2218.62
015812,107,5,1801.14
015813,208,2,1303.9099999999999
015814,17,4,1945.33
015815,64,5,2100.6
015819,49,4,1905.4500000000003
015820,320,1,206.98
015821,44,2,570.9599999999999
015822,3,2,885.4699999999999
015823,372,1,15.0
015825,172,1,532.94
015826,56,3,1654.3100000000002
015827,73,14,1836.09
015829,99,2,636.1399999999998
015830,38,1,576.0
015831,58,3,801.76
015832,254,1,836.7900000000001
015834,70,4,2233.75
015835,44,4,954.09
015836,50,1,137.37
015837,65,1,391.98
015838,11,19,33643.079999999994
015839,33,3,1048.49
015840,59,2,355.55999999999995
015841,73,4,1224.06
015843,304,1,118.95000000000002
015844,46,1,130.73999999999998
015845,18,8,3711.77
015847,38,2,389.2699999999999
015850,19,2,238.85
015852,187,2,160.70999999999998
015853,52,1,110.80000000000001
015854,4,12,2974.6499999999996
015855,137,5,712.24
015856,4,27,16387.57
015857,19,1,296.99999999999994
015858,16,5,1438.8500000000001
015860,41,8,977.2099999999998
015861,12,8,3165.3599999999997
015862,8,4,832.88
015863,26,2,68.84
015864,22,6,1936.3200000000004
015865,41,3,895.13
015866,101,1,230.53
015867,5,15,3812.64
015869,277,2,149.64000000000001
015870,33,1,354.09000000000003
015872,15,2,360.93
015874,64,7,4405.88
015877,2,2,493.28000000000003
015880,369,1,343.28
015881,312,5,501.39000000000004
015882,199,4,516.36
015883,2,2,396.47999999999996
015885,93,3,379.35
015886,60,1,181.09000000000003
015888,81,1,168.31
015889,157,2,446.87
015891,227,1,524.52
015894,253,2,263.55
015895,150,1,179.17000000000002
015897,194,2,222.05
015898,1,5,1388.88
015899,369,1,56.25
015900,24,1,351.11000000000007
015901,17,3,363.88
015903,10,7,5126.76
015904,8,1,164.67999999999998
015906,20,7,1567.6899999999998
015907,4,3,967.45
015909,174,1,191.93999999999997
015910,1,8,1232.18
015912,178,2,264.61999999999995
015916,16,8,1528.0900000000001
015917,248,1,123.10000000000001
015918,191,2,334.23
015919,20,2,639.8900000000001
015920,154,4,167.5
015921,173,1,336.03000000000003
015922,373,1,369.50000000000006
015923,373,1,127.08000000000001
015925,194,1,207.14999999999998
015930,67,1,426.63000000000005
015932,4,8,2495.8700000000003
015933,21,3,1107.4600000000003
015935,239,2,416.86
015937,64,1,145.35
015938,112,5,404.58
015939,90,15,6115.009999999999
015940,311,1,35.8
015942,134,1,337.43999999999994
015944,277,1,325.1
015945,365,1,181.0
015947,83,1,1708.24
015948,8,2,955.2400000000001
015949,17,2,364.72
015950,32,4,1765.51
015951,9,2,708.22
015952,34,4,806.5699999999999
015953,15,8,1659.3799999999999
015955,24,14,4416.26
015957,32,1,428.89000000000004
015958,74,1,104.35
015963,20,2,470.76000000000005
015965,17,4,845.64
015967,23,2,418.83
015969,3,3,666.0999999999999
015970,304,1,314.1
015971,17,12,4199.85
015973,367,1,307.82
015974,39,7,3442.15
015975,84,1,371.01
015976,165,2,430.94
015977,17,2,1054.73
015978,77,1,1098.78
015980,89,3,2398.8599999999997
015981,25,8,3408.48
015983,22,4,1475.02
015984,3,10,2837.67
015985,123,2,1142.4199999999998
015986,30,1,168.11999999999998
015987,12,7,1451.28
015988,19,1,158.03
015990,44,2,792.1100000000001
015992,4,1,41.989999999999995
015993,9,7,2797.57
015994,55,1,427.07000000000005
015996,88,6,1060.68
015998,37,5,3089.97
016000,3,3,12393.699999999999
016003,30,5,2735.37
016005,12,4,615.3900000000001
016006,211,1,101.4
016007,48,4,1701.94
016008,24,3,478.78000000000003
016009,22,4,992.7100000000002
016010,246,3,407.50000000000006
016011,8,16,3362.7099999999996
016012,35,3,1415.29
016013,4,47,37130.600000000006
016014,38,3,662.3800000000001
016015,4,3,705.39
016016,3,8,1508.7600000000002
016017,47,1,211.88
016018,39,2,408.90000000000003
016019,47,9,3786.24
016020,17,3,851.01
016022,260,1,628.2800000000002
016023,46,3,719.81
016024,12,1,251.24
016025,30,1,439.65999999999997
016026,43,1,236.09
016027,92,6,934.6199999999999
016029,39,63,81024.84
016030,310,1,331.24
016031,92,2,548.94
016033,6,20,8816.4
016034,196,3,437.69999999999993
016036,87,2,758.9199999999998
016037,270,3,855.0200000000001
016038,8,3,471.78
016040,65,3,1313.5500000000002
016041,31,3,3166.4
016042,22,5,1197.2700000000002
016043,37,4,773.99
016045,120,4,1340.7
016048,373,2,256.44000000000005
016049,40,3,1111.79
016050,174,1,137.89999999999998
016052,54,1,362.05999999999995
016053,33,2,1511.9500000000003
016054,145,1,783.9000000000001
016055,221,1,134.8
016056,45,1,664.85
016057,16,7,2263.12
016059,66,6,1459.8600000000001
016062,10,4,1153.62
016063,260,1,335.32000000000005
016065,365,1,372.09
016066,17,5,1521.8700000000003
016070,22,2,852.15
016071,45,1,326.24
016072,288,1,584.32
016073,297,1,122.39999999999999
016076,3,10,2234.73
016078,284,1,79.2
016079,17,3,1352.0000000000002
016080,82,2,217.16000000000003
016081,56,5,2806.8999999999996
016083,101,2,1317.62
016084,299,1,436.18
016085,23,5,981.51
016086,59,5,1121.3899999999999
016091,155,2,315.06
016092,115,3,817.86
016093,107,1,17.0
016094,12,4,1078.2299999999998
016096,264,1,320.62
016097,240,1,185.05
016098,88,7,2005.63
016099,50,3,731.8999999999997
016101,71,1,1290.6999999999998
016102,42,3,1842.14
016103,7,6,1429.6399999999999
016104,62,1,302.36
016105,249,1,336.96
016106,66,1,108.38
016107,18,7,3204.16
016108,85,1,842.5
016109,219,2,611.8800000000001
016110,45,3,1337.48
016112,143,4,195.74
016113,183,1,161.38
016114,171,1,135.75000000000003
016115,10,8,1667.97
016116,212,1,612.7800000000001
016117,190,1,232.21
016119,8,2,423.36
016120,59,4,1309.14
016121,57,2,867.1099999999999
016122,73,4,684.42
016123,52,1,307.78000000000003
016124,317,1,249.0
016125,367,1,289.35
016126,29,4,6287.77
016127,39,1,656.25
016128,18,5,1880.2199999999998
016131,52,6,3506.540000000001
016133,4,33,14589.039999999999
016134,22,2,618.09
016135,263,1,517.5500000000001
016136,60,3,709.3800000000002
016139,19,3,635.4100000000001
016140,66,2,725.1800000000001
016141,88,1,620.4
016142,250,1,535.3399999999999
016143,3,6,2424.94
016144,247,1,175.2
016145,9,11,3799.4900000000002
016146,157,3,734.1299999999999
016147,134,1,374.99999999999994
016148,296,1,76.32000000000001
016149,5,2,280.52000000000004
016150,43,5,2053.02
016152,269,1,1829.0399999999997
016153,50,5,1824.23
016156,9,9,3122.04
016157,16,3,656.6899999999999
016159,282,1,348.2000000000001
016160,65,2,1025.44
016161,2,19,5575.5599999999995
016162,252,1,37.4
016163,232,2,856.6000000000001
016164,17,3,822.48
016168,11,27,3787.6000000000004
016169,8,4,1822.9700000000003
016170,51,6,1885.0500000000004
016171,59,1,73.2
016172,95,5,1140.2100000000003
016173,16,6,1418.32
016174,126,3,1009.55
016175,94,4,1037.5900000000001
016177,50,1,331.95
016178,138,1,197.9
016179,61,1,215.83
016180,100,8,10254.18
016181,73,1,305.5400000000001
016182,72,4,6617.65
016183,67,1,338.7100000000001
016184,64,6,1158.79
016185,17,2,529.4100000000001
016186,23,12,4006.9400000000005
016187,32,15,6911.4400000000005
016188,45,4,981.8599999999999
016189,16,2,215.47999999999996
016190,40,1,215.08
016191,3,13,5180.52
016193,237,1,314.45000000000005
016198,75,1,400.681
016200,4,2,1080.62
016201,3,4,1863.4700000000003
016202,361,1,365.27
016203,59,4,592.9
016204,23,1,405.71
016205,31,4,761.38
016206,55,4,537.0600000000001
016207,25,1,394.38
016208,45,2,664.26
016209,89,5,2262.6199999999994
016210,2,18,21086.300000000003
016211,89,1,547.0200000000001
016212,19,2,690.3399999999999
016213,79,1,159.0
016214,171,3,1062.75
016215,81,1,242.35000000000002
016216,267,1,914.9299999999998
016217,235,2,304.25000000000006
016218,30,7,3084.68
016221,37,3,864.86
016222,318,1,846.72
016224,57,4,1295.3
016225,45,5,1096.3200000000002
016226,203,3,255.12
016227,225,1,314.22
016229,87,2,1010.5999999999998
016230,190,2,542.03
016232,44,4,990.8799999999999
016233,71,3,536.68
016235,41,5,867.3099999999998
016236,78,1,432.19999999999993
016239,57,2,414.2
016240,24,2,3718.8
016241,10,13,2607.8700000000003
016242,8,7,3603.21
016243,34,2,409.1
016244,212,2,1522.75
016245,24,3,1413.66
016247,170,1,114.56
016248,62,1,152.94
016249,53,5,1800.0700000000002
016250,261,2,389.44
016253,67,2,3683.8599999999997
016255,17,8,2619.91
016256,267,1,752.4300000000002
016257,177,1,46.95
016258,45,5,5203.510000000001
016260,51,1,1035.45
016261,17,4,746.83
016265,9,9,5447.0
016266,74,7,861.8899999999999
016268,71,2,667.6500000000001
016270,353,1,1141.2399999999996
016271,3,5,1429.2400000000002
016272,117,1,411.7
016274,373,1,357.94999999999993
016275,197,1,559.87
016276,177,1,810.6000000000001
016278,100,1,566.38
016279,21,3,1509.5800000000002
016281,72,1,2062.0600000000004
016282,340,1,168.3
016283,6,5,1570.81
016284,31,2,823.97
016287,170,1,142.5
016292,122,1,302.25
016293,22,10,2248.99
016295,10,4,1328.5500000000004
016297,269,1,301.90000000000003
016298,23,3,598.1999999999999
016302,127,1,233.22
016303,26,3,5360.630000000001
016305,139,1,361.21999999999986
016306,214,6,632.27
016308,38,4,2560.0
016309,106,2,706.57
016311,18,2,616.26
016313,3,2,274.15000000000003
016315,331,1,226.37
016316,64,8,2938.91
016317,120,3,1341.65
016318,35,1,328.15
016319,218,1,404.40000000000003
016322,1,2,326.74999999999994
016323,196,1,207.50000000000003
016324,128,3,428.67999999999995
016325,47,3,594.24
016326,6,14,3110.96
016327,14,6,3844.2200000000003
016330,18,3,251.91
016332,28,7,1593.2
016333,8,22,26626.8
016337,37,1,151.05
016338,157,1,214.8
016339,284,1,109.95000000000002
016340,107,1,549.07
016341,25,4,1971.87
016342,75,4,322.41
016343,16,2,370.47999999999996
016344,158,1,101.10000000000001
016345,44,1,575.4100000000001
016347,11,2,887.6500000000001
016348,32,7,1469.45
016349,291,1,53.5
016350,21,4,1116.47
016351,333,1,153.9
016352,18,2,494.44
016353,4,23,6675.710000000001
016354,63,2,395.8
016356,198,3,211.77
016357,33,3,658.88
016358,1,4,2027.5
016359,7,9,1750.9200000000003
016360,5,6,3512.53
016361,10,4,896.6600000000001
016362,32,5,734.77
016363,53,1,109.36000000000001
016364,12,2,707.0399999999998
016365,18,9,1540.42
016366,19,1,327.3
016367,37,2,804.49
016368,2,2,497.42999999999995
016369,18,3,1553.66
016370,82,4,1320.56
016372,33,2,367.92999999999995
016374,66,2,473.03
016376,9,2,987.01
016377,267,1,676.2
016378,247,3,362.9500000000001
016379,4,4,2157.4000000000005
016380,61,1,1780.59
016383,75,2,668.3599999999998
016384,90,2,584.5
016385,60,3,555.89
016386,29,2,317.2
016387,323,1,94.36
016389,53,4,1382.0699999999997
016392,270,1,221.18999999999997
016393,2,13,3046.21
016394,57,5,1555.3400000000001
016395,60,5,1486.9
016398,154,2,1705.8
016399,19,2,408.57
016400,95,1,303.93
016401,1,12,4098.32
016402,265,2,299.6
016403,312,1,177.5
016404,70,1,443.05000000000007
016405,302,2,167.25
016406,19,1,163.07000000000002
016407,13,10,2126.9300000000003
016409,36,5,2028.88
016411,19,2,214.64999999999998
016412,54,1,151.83
016413,57,1,262.2
016414,22,2,126.25
016415,44,1,210.34999999999997
016416,26,3,1051.4
016418,45,3,675.2700000000002
016419,113,6,972.23
016422,17,51,34684.4
016423,25,1,346.12
016424,191,1,133.56
016425,302,1,302.69999999999993
016426,2,10,1908.25
016427,263,2,241.06
016429,106,1,284.55
016430,57,1,300.85
016431,213,3,642.8100000000001
016432,64,1,287.4
016433,28,1,184.26
016434,29,7,1522.2500000000002
016438,6,5,798.35
016440,8,5,3640.6699999999996
016441,67,2,381.2
016442,2,3,616.79
016444,46,4,654.6700000000001
016445,34,1,230.51000000000002
016446,1,2,168472.5
016447,136,1,259.01
016448,198,1,188.89000000000001
016449,198,2,707.69
016450,150,1,311.92
016451,88,1,266.97
016454,45,2,6.9
016455,64,7,1841.18
016456,99,5,2158.3700000000003
016457,218,1,208.35999999999999
016458,3,18,3482.7400000000007
016460,28,3,814.72
016461,178,1,151.41999999999996
016462,74,3,136.0
016463,21,4,1422.4
016464,20,3,1314.68
016466,34,7,1603.46
016468,74,1,74.9
016469,24,4,650.4300000000001
016470,52,4,762.3900000000001
016471,275,1,223.95
016473,165,3,316.11
016474,7,7,1871.5
016475,88,4,544.3
016477,64,7,2494.46
016478,25,3,331.0
016479,10,2,300.83
016480,76,1,769.29
016482,16,1,220.62
016483,192,1,139.35
016484,174,2,404.30000000000007
016485,77,1,363.65
016488,33,3,498.79999999999995
016491,47,1,731.5
016493,80,4,1351.63
016494,297,1,826.5299999999999
016495,3,3,684.41
016496,9,3,1599.52
016497,50,6,2965.69
016498,161,2,100.97000000000001
016499,360,2,365.45000000000005
016500,5,6,400.86
016503,107,4,1431.9299999999998
016504,25,1,484.38
016505,32,1,777.6
016506,20,2,90.30000000000001
016509,297,1,363.70000000000005
016510,372,1,248.10000000000002
016511,22,3,950.26
016513,5,4,874.5899999999999
016515,52,5,1627.13
016516,30,1,101.7
016517,277,1,162.70000000000005
016518,61,2,484.32000000000005
016519,25,2,215.08
016520,186,3,1046.57
016523,2,21,9418.470000000001
016525,2,26,13027.45
016526,172,1,290.35999999999996
016527,81,1,228.06000000000003
016528,4,1,244.41000000000003
016529,190,1,455.25
016531,22,7,1244.59
016532,18,3,6748.8
016533,19,3,1095.5600000000002
016535,5,1,593.75
016536,110,1,548.97
016539,3,4,1388.81
016542,54,1,119.62
016545,165,1,339.3
016546,291,2,787.15
016549,10,10,4154.639999999999
016550,109,5,2298.97
016551,96,3,922.12
016552,243,2,379.73
016553,163,12,5719.82
016554,42,3,837.0999999999999
016555,35,2,285.89
016556,67,7,3313.79
016557,24,2,281.84999999999997
016558,1,20,8338.490000000002
016560,27,2,841.4100000000001
016561,6,2,511.12
016563,54,1,1077.74
016565,364,1,173.7
016566,15,5,614.6600000000001
016567,194,2,865.6
016569,3,1,124.2
016570,15,10,3738.4
016571,27,3,1421.69
016572,127,3,1009.6
016573,85,2,663.61
016574,71,1,451.43999999999994
016581,183,1,105.84
016582,113,1,313.61999999999995
016583,374,1,233.45000000000002
016584,80,2,936.0799999999998
016586,249,1,463.95
016587,232,1,225.14999999999995
016589,71,3,459.24
016591,69,1,213.5
016592,4,16,4113.68
016593,51,3,330.03000000000003
016594,75,1,181.09
016595,61,1,360.15999999999997
016596,16,2,250.14999999999998
016597,4,1,90.04000000000002
016598,286,1,145.05
016600,4,6,813.5199999999999
016601,41,1,244.79999999999995
016602,36,1,528.0799999999999
016603,75,2,482.47
016607,18,14,3347.71
016609,15,7,5493.46
016610,219,1,75.66
016611,186,1,129.49
016612,33,4,1187.6599999999999
016613,70,1,618.5900000000001
016614,183,1,506.19
016616,15,2,500.42
016617,236,1,151.85000000000002
016618,31,5,2647.5899999999997
016619,264,1,226.21
016620,4,2,178.96
016621,52,4,813.4800000000001
016623,246,1,129.45
016624,81,2,810.5699999999999
016625,274,1,333.08
016626,1,17,4413.1
016627,79,1,322.80000000000007
016628,30,5,2188.05
016629,74,2,417.73
016633,17,6,2883.1000000000004
016634,223,2,217.9
016637,32,4,1154.4700000000003
016638,23,10,1680.72
016639,31,3,1257.51
016641,106,1,231.10000000000002
016642,5,2,688.33
016643,246,1,487.51
016644,178,2,833.78
016647,170,2,214.06
016648,43,1,290.65999999999997
016650,72,1,518.4200000000001
016652,59,7,6773.97
016653,16,2,1212.6600000000003
016654,141,4,601.2699999999999
016655,18,6,3794.52
016656,22,15,8625.800000000001
016657,10,4,933.6199999999999
016658,368,1,123.24
016659,189,1,39.12
016660,16,4,1267.6499999999999
016665,362,1,135.39999999999998
016666,19,1,118.97999999999999
016667,68,2,570.13
016668,15,6,306.71999999999997
016669,24,3,1374.87
016670,17,11,4095.9
016671,28,3,1692.27
016672,2,20,8134.94
016674,55,2,319.60999999999996
016676,34,4,1592.12
016678,3,12,3109.99
016679,366,1,129.75
016680,43,1,183.7
016681,73,6,1770.3400000000001
016682,5,5,1027.9999999999998
016684,4,28,66653.56
016685,61,2,324.24
016686,47,7,3062.83
016688,1,4,1260.86
016689,76,2,422.59999999999997
016690,72,2,225.57999999999996
016692,256,2,1276.0
016693,69,2,482.01
016696,135,4,657.9000000000001
016697,241,1,112.75000000000001
016698,227,2,1998.0
016700,9,13,5076.550000000001
016701,9,13,5398.299999999999
016705,1,20,14034.990000000002
016706,37,3,531.3499999999999
016708,46,1,656.6300000000001
016709,85,5,3029.8700000000003
016710,19,10,2483.04
016711,3,5,1651.03
016712,9,11,3645.4300000000003
016713,19,15,6923.13
016714,219,3,1161.53
016715,78,1,301.71999999999997
016716,267,2,901.2
016717,24,6,3858.38
016718,369,1,623.7500000000001
016719,15,7,1790.42
016720,26,1,155.24
016721,262,1,292.46999999999997
016722,17,13,4730.8099999999995
016723,91,2,589.1499999999999
016725,302,7,781.02
016726,26,5,1382.02
016727,364,1,272.81999999999994
016728,46,4,1054.67
016729,38,21,7239.92
016730,52,3,743.11
016732,32,1,603.7499999999999
016734,52,3,650.51
016735,79,5,2300.56
016737,53,1,417.59999999999997
016738,298,1,3.75
016739,177,1,323.00000000000006
016742,47,1,464.9
016743,29,7,2238.09
016744,11,7,1304.76
016745,87,17,7194.3
016746,5,18,6697.66
016747,38,2,836.06
016748,18,5,1515.8999999999999
016750,45,5,623.9300000000001
016751,31,1,1764.7199999999998
016752,373,1,207.5
016753,58,1,223.92
016754,372,1,2002.4
016755,114,3,1496.83
016756,215,1,239.40000000000003
016757,319,1,106.83
016758,65,1,369.34000000000003
016759,8,3,789.79
016761,97,1,316.62
016762,20,3,1501.3799999999999
016763,199,1,611.8500000000001
016764,4,13,2799.25
016765,294,1,34.0
016766,273,2,1145.5999999999997
016767,31,11,5580.599999999999
016768,48,3,478.0899999999999
016769,260,1,380.39
016770,58,5,770.1
016771,33,5,2246.8100000000004
016773,57,1,171.59
016774,68,4,661.52
016775,10,11,1695.6599999999999
016776,60,1,388.2800000000001
016777,80,2,226.35000000000002
016778,74,2,245.94
016779,2,22,10629.720000000001
016780,100,2,425.19
016781,372,1,311.25
016782,10,13,2279.9
016784,20,1,107.6
016788,123,2,597.4799999999999
016789,8,1,80.8
016790,4,6,1545.6200000000001
016791,29,7,1721.7799999999997
016792,282,2,110.38000000000001
016793,57,1,243.84
016794,1,10,1222.7099999999998
016795,365,1,414.87999999999994
016796,89,1,305.61999999999995
016800,11,1,1201.4899999999998
016801,163,4,1619.73
016803,65,1,332.3
016804,23,3,536.99
016805,174,2,460.5899999999999
016806,103,4,801.4900000000001
016807,143,3,1121.59
016808,99,2,288.42
016809,23,5,914.69
016810,192,1,309.53999999999996
016811,5,2,547.0699999999999
016812,361,1,479.3500000000001
016813,8,10,1692.98
016814,14,21,6509.1
016816,103,4,417.06000000000006
016817,3,9,1604.75
016818,11,11,3349.57
016820,96,1,497.61
016823,227,1,358.37999999999994
016824,16,2,460.64
016825,39,2,775.1800000000001
016826,51,1,341.70000000000005
016828,93,2,128.5
016829,157,1,197.22
016830,39,1,325.90999999999997
016832,184,3,199.15
016833,1,4,1106.53
016834,228,1,413.46000000000004
016835,128,2,180.85000000000002
016836,40,2,251.87
016837,31,11,3170.9799999999996
016838,197,2,588.85
016839,9,34,16594.35
016841,37,6,1869.82
016842,101,3,1264.19
016843,43,16,10196.570000000002
016846,50,1,214.32000000000002
016847,43,1,193.44
016848,53,1,281.42
016849,187,1,124.57
016850,334,1,332.41
016851,4,3,342.45000000000005
016852,10,2,144.91
016855,24,2,328.40000000000003
016856,15,1,35.400000000000006
016858,369,1,375.69000000000005
016859,145,2,747.8100000000001
016861,60,2,173.76
016863,31,2,502.8
016866,141,3,207.73999999999998
016869,23,4,825.4200000000001
016871,22,6,2812.34
016872,77,3,680.02
016873,5,6,7123.620000000001
016875,67,5,2095.53
016877,12,6,853.7199999999999
016878,84,1,13.3
016880,31,7,1519.0800000000002
016881,67,1,432.0
016882,67,3,705.12
016883,187,2,276.72999999999996
016884,38,2,429.84000000000003
016885,15,3,471.51
016887,35,1,194.88000000000002
016889,195,3,1578.67
016891,2,5,809.7
016892,1,5,525.5400000000001
016893,367,1,145.93
016895,65,1,219.14000000000001
016897,299,2,289.78
016898,26,3,508.81
016899,8,6,1281.56
016900,17,3,887.11
016902,116,1,1706.88
016903,29,1,373.24
016904,4,16,3754.27
016905,5,7,3102.4300000000003
016906,82,4,579.7700000000003
016907,29,5,981.65
016909,72,1,379.14
016910,4,8,1510.06
016912,29,11,2575.38
016913,290,1,113.44
016914,36,1,208.45999999999995
016915,9,6,621.6800000000001
016916,24,2,576.2600000000001
016917,277,1,391.52000000000004
016918,49,6,1068.8200000000002
016919,156,11,2596.4500000000003
016921,61,1,169.79000000000002
016923,12,19,7247.610000000001
016924,21,3,846.75
016926,371,1,230.25000000000003
016927,116,3,543.0500000000001
016928,80,17,2847.6
016929,4,7,1295.3899999999999
016930,26,3,380.54999999999995
016931,5,21,4604.219999999999
016932,53,1,161.93999999999997
016933,1,2,563.23
016934,55,2,950.9300000000001
016936,26,1,262.68
016938,9,4,2736.38
016940,52,3,3049.88
016942,13,9,1920.59
016943,212,3,816.7299999999999
016945,22,19,4345.5
016947,236,1,406.48
016948,139,3,435.02000000000004
016949,4,6,1286.2700000000002
016950,57,3,1178.56
016951,135,3,1277.7500000000002
016952,109,2,167.60999999999999
016953,30,1,20.8
016954,1,9,2085.08
016955,185,4,518.67
016956,18,1,308.74
016957,239,2,416.64
016959,87,1,117.35000000000001
016960,39,3,507.05
016961,116,1,234.17000000000002
016963,187,1,110.55000000000001
016965,227,1,201.18999999999994
016966,8,7,2154.9700000000003
016967,189,1,319.02
016968,4,2,439.43
016969,39,3,650.4100000000001
016971,38,1,357.21
016976,267,1,251.51999999999998
016978,77,1,344.3299999999999
016979,4,6,1852.0
016980,255,2,1078.9600000000003
016982,61,1,384.06
016983,13,7,1931.25
016984,88,2,4481.35
016985,17,10,5464.119999999999
016986,30,2,1873.2
016987,3,7,1625.0500000000002
016988,5,1,126.12
016989,7,6,1133.25
016990,219,1,179.0
016992,11,5,1614.3099999999997
016996,30,6,1456.9600000000003
016997,288,3,702.0
016998,150,4,295.0
016999,23,2,484.82
017001,1,11,3989.5699999999997
017002,86,3,1493.7300000000002
017004,46,2,1412.9400000000003
017006,5,4,781.78
017007,51,6,889.9299999999998
017010,18,1,195.36
017011,30,1,270.9
017014,8,3,586.3299999999999
017015,29,3,1842.56
017017,3,20,8694.26
017018,41,2,920.1
017019,11,4,1272.6100000000001
017022,31,1,71.0
017024,45,3,95.85
017025,61,3,357.77
017026,185,2,154.82999999999998
017027,79,6,890.2900000000001
017029,111,2,716.0
017030,64,1,146.87000000000003
017031,12,2,380.35
017033,86,3,1030.14
017034,16,3,745.5200000000001
017035,246,2,433.53
017037,88,1,1267.32
017038,30,1,112.40000000000002
017040,138,1,449.72999999999996
017041,27,3,1081.57
017042,3,5,1044.38
017043,32,4,1735.18
017044,25,1,948.48
017045,113,3,339.43999999999994
017046,157,1,642.0199999999999
017047,85,3,1100.8999999999999
017048,118,3,925.35
017049,3,9,5659.98
017050,96,6,3228.8399999999997
017051,194,1,247.14
017052,28,1,413.74999999999994
017053,131,1,498.47999999999996
017054,28,5,1356.3300000000002
017058,82,3,1179.8899999999999
017059,30,5,3095.04
017060,266,1,234.24
017061,74,11,5232.23
017062,314,4,538.37
017063,21,7,1461.14
017064,59,3,859.35
017068,12,21,4552.139999999999
017069,28,9,2709.7
017070,114,1,312.14
017071,28,9,2429.03
017073,18,4,1446.0900000000001
017075,18,4,834.1199999999999
017076,36,3,841.0799999999999
017078,36,2,378.20000000000005
017079,78,1,118.80000000000001
017080,22,2,287.62
017081,25,2,290.15999999999997
017082,33,2,2003.85
017083,109,3,1405.78
017084,35,2,2949.75
017085,123,5,1566.65
017086,7,6,2050.08
017088,28,4,1991.0100000000002
017090,4,7,2043.9500000000003
017091,3,9,3827.7600000000007
017092,50,4,1777.7800000000002
017094,322,1,301.99999999999994
017095,23,3,1324.1599999999999
017096,15,4,1022.1299999999999
017100,18,2,971.74
017101,10,4,1621.73
017102,262,1,25.5
017105,159,2,665.7799999999999
017107,33,6,10815.43
017109,29,6,885.0400000000001
017110,165,1,163.3
017111,47,1,248.60999999999996
017114,6,8,808.62
017115,8,3,837.4999999999997
017117,288,1,116.19999999999999
017118,318,1,157.02
017119,3,2,606.91
017120,233,1,307.46000000000004
017122,119,1,138.32
017123,162,1,345.29999999999995
017124,185,1,298.89
017125,50,1,259.35
017126,152,5,1004.75
017128,335,1,157.08999999999997
017131,5,5,2463.17
017133,16,7,4892.240000000001
017134,107,2,425.0
017135,16,7,1139.73
017138,276,1,380.5
017139,16,12,10668.470000000001
017140,247,1,465.32
017142,239,1,578.9999999999999
017144,1,2,984.5699999999999
017146,106,3,749.78
017147,23,4,1714.59
017148,52,1,124.88
017152,195,3,1689.5
017153,24,1,213.77999999999997
017154,75,1,329.34
017155,18,2,251.69999999999993
017157,8,2,319.0
017158,32,3,1266.97
017159,22,3,1538.88
017160,31,6,3518.0299999999997
017162,29,10,1715.46
017163,22,2,293.1
017164,33,7,2467.35
017165,284,1,158.68
017166,39,2,206.33999999999997
017169,58,2,835.7800000000002
017171,289,1,224.91
017172,79,1,317.76
017173,5,8,3766.5999999999995
017174,218,1,59.9
017175,44,4,1443.69
017176,202,1,306.13
017179,178,3,711.79
017180,56,4,796.03
017181,57,2,239.91999999999996
017183,8,6,3347.31
017186,47,2,144.0
017187,227,1,203.95
017188,11,7,2474.23
017189,106,2,384.40000000000003
017190,59,2,444.74
017191,28,7,2095.13
017193,36,7,1699.3000000000002
017194,274,2,262.62
017197,30,1,1013.01
017198,24,3,692.2199999999999
017201,54,1,342.63
017203,36,6,3563.8499999999995
017204,175,4,1564.56
017205,54,1,384.08
017206,53,1,204.24
017211,27,8,2317.2200000000003
017212,253,1,226.85
017213,40,7,2781.2300000000005
017214,60,6,1069.1200000000001
017217,234,1,113.49999999999999
017218,4,10,1960.7199999999998
017219,32,1,114.23
017220,24,14,3198.25
017221,7,2,335.13000000000005
017222,65,1,354.15
017223,310,2,426.79
017226,309,1,393.48999999999995
017227,19,6,939.3199999999999
017228,16,8,1906.09
017229,96,2,318.76000000000005
017230,264,8,3638.41
017231,12,10,3174.32
017232,3,2,421.52
017233,35,1,190.88
017234,183,1,149.89
017235,25,2,550.0600000000002
017236,13,6,916.1300000000001
017237,11,2,314.69
017238,3,17,3744.65
017239,313,1,382.50000000000006
017242,108,2,1135.04
017243,1,26,8676.849999999999
017244,53,1,954.9
017245,205,1,171.45
017247,15,1,282.19
017248,120,1,318.65000000000003
017250,4,2,384.52
017251,363,1,283.28
017252,117,2,353.85999999999996
017253,18,1,178.26
017254,5,2,272.44
017255,41,2,298.41
017256,107,2,240.0
017259,148,2,603.37
017262,52,5,1253.3600000000001
017263,208,1,63.440000000000005
017265,139,2,562.9000000000002
017266,2,3,310.64
017267,127,2,317.61999999999995
017268,108,4,763.64
017272,42,4,2148.6300000000006
017274,35,1,111.98000000000002
017277,228,2,1065.3500000000001
017278,241,1,246.04000000000002
017279,58,1,187.82999999999998
017282,130,3,1703.4100000000003
017284,60,6,1652.58
017286,22,1,153.92000000000002
017287,26,7,1064.1100000000001
017288,9,7,1419.73
017289,32,3,944.4100000000001
017290,4,2,525.24
017291,308,1,550.8000000000001
017293,8,9,1875.1100000000001
017295,29,3,556.95
017297,17,1,131.78
017298,101,2,498.42
017299,12,4,669.1099999999999
017301,21,1,197.63000000000002
017302,15,5,1135.63
017303,361,1,250.03999999999996
017306,11,19,8631.310000000001
017309,95,1,82.75
017311,78,2,1384.85
017312,139,3,644.3
017313,31,1,2328.84
017314,25,8,2527.92
017315,2,38,6292.26
017317,46,3,2600.34
017320,100,3,1200.6200000000001
017321,8,2,700.8599999999999
017323,15,7,921.0699999999999
017324,18,4,990.2299999999999
017325,280,1,96.8
017329,14,2,523.11
017330,23,2,363.9
017331,124,1,175.2
017333,86,1,494.25
017334,302,2,307.02000000000004
017337,151,4,2027.87
017338,17,8,6643.93
017339,94,2,243.36
017340,30,11,12353.29
017341,157,3,781.3599999999999
017343,355,1,193.64
017344,46,1,160.57000000000002
017345,15,4,537.7400000000001
017346,4,15,2676.56
017347,86,1,228.96
017348,15,5,1159.5199999999998
017349,179,1,110.75
017350,8,4,1286.0700000000002
017351,36,3,587.15
017353,129,2,1740.0
017354,51,1,1393.06
017356,312,1,178.21999999999997
017357,24,2,388.13999999999993
017358,303,2,365.84999999999997
017359,11,1,127.85999999999999
017360,17,3,585.7900000000001
017361,49,3,488.20000000000005
017362,239,2,312.22999999999996
017364,1,11,4481.18
017365,13,8,4801.5599999999995
017367,238,1,168.39999999999998
017368,23,8,1912.6700000000003
017370,73,4,446.17999999999995
017371,17,3,423.88999999999993
017372,41,8,1342.68
017373,40,4,646.9200000000001
017374,219,2,495.7699999999999
017375,199,3,400.09999999999997
017376,71,2,203.2
017377,24,20,4100.92
017379,11,1,404.66
017381,9,29,20275.61
017382,65,1,65.4
017383,4,1,199.28999999999996
017384,19,2,336.4
017385,15,1,261.11
017386,8,6,2686.4200000000005
017387,20,2,784.1099999999999
017388,78,4,1259.5600000000002
017389,1,34,31833.68
017391,164,2,508.8
017392,307,2,457.90999999999997
017394,219,1,203.86999999999995
017396,39,8,7330.8
017397,22,2,696.4100000000001
017398,115,3,653.38
017400,126,5,2129.96
017402,5,13,2633.8499999999995
017403,36,1,281.62
017405,1,3,1031.41
017406,333,3,2200.42
017408,163,1,32.65
017409,185,2,771.8499999999999
017410,16,5,1214.72
017411,12,3,778.9399999999999
017412,3,7,1258.0600000000002
017414,44,2,778.0
017415,79,1,507.8399999999999
017416,30,7,6893.42
017418,42,2,463.46
017419,11,12,4226.57
017420,50,3,598.83
017422,16,6,1979.3700000000001
017423,46,2,698.41
017425,19,2,759.1700000000001
017426,8,6,5037.26
017427,72,1,100.8
017428,1,28,17256.85
017429,128,3,524.9200000000001
017430,33,2,265.76000000000005
017431,313,1,403.3
017432,18,2,365.76
017433,88,1,303.15999999999997
017434,2,7,2373.8199999999997
017436,2,2,216.3
017438,254,1,388.45000000000005
017440,157,3,186.42
017442,37,6,2248.56
017446,177,2,120.90000000000002
017447,40,2,541.53
017449,2,7,2520.86
017450,8,46,194550.78999999998
017451,1,7,1721.4
017453,18,2,486.71999999999997
017454,192,4,517.53
017455,204,1,131.7
017456,365,1,249.86
017457,127,5,1737.7
017458,15,1,316.49999999999994
017459,43,2,657.3
017460,94,6,622.43
017461,23,3,757.4599999999999
017462,60,2,675.6899999999999
017463,16,5,1896.41
017464,158,1,289.96000000000004
017466,10,2,763.28
017468,10,2,137.0
017469,16,5,1870.9700000000003
017470,45,5,1125.0700000000002
017472,191,3,710.29
017475,79,1,194.36999999999995
017480,78,1,511.82
017481,4,4,1255.59
017483,65,3,414.04
017486,261,1,396.87
017489,59,2,376.63999999999993
017490,1,7,2092.32
017491,1,10,3558.8700000000003
017492,248,1,374.57
017495,8,2,497.56000000000006
017496,359,1,271.05
017498,76,1,272.22
017499,290,1,622.88
017500,17,3,1138.0
017501,221,2,288.59999999999997
017502,9,4,689.0999999999999
017503,3,2,558.9599999999999
017504,206,9,2997.03
017505,161,2,1145.84
017506,76,1,302.20000000000005
017507,262,2,605.58
017509,58,8,6115.139999999999
017510,25,1,308.48
017511,3,31,91062.38
017512,29,10,2924.99
017513,72,1,513.2
017514,128,1,208.65
017515,31,4,639.02
017516,15,5,768.08
017517,309,1,153.94
017519,17,6,1844.02
017520,54,1,546.81
017521,30,3,723.21
017522,2,5,1070.71
017523,11,4,652.74
017524,361,1,145.0
017525,360,1,422.7
017526,5,4,1195.9
017527,54,4,939.37
017528,1,8,3628.5
017530,1,10,2385.0
017531,190,1,296.7
017534,54,1,223.36
017535,280,1,164.39999999999998
017536,177,1,76.5
017537,30,2,897.62
017538,26,1,98.42
017540,25,2,578.9
017542,270,1,170.75
017545,43,3,645.96
017548,234,1,103.3
017549,24,2,148.86
017550,197,3,267.1600000000001
017551,359,1,306.84000000000003
017552,60,4,930.41
017553,130,1,1487.6
017554,1,5,1952.4499999999998
017555,20,2,483.26
017556,206,1,157.9
017557,14,3,541.4599999999999
017560,95,4,854.95
017561,19,1,167.61999999999998
017562,14,7,1122.3799999999999
017564,24,3,454.01
017566,8,2,901.2099999999999
017567,7,8,4331.48
017569,332,1,344.13999999999993
017571,50,4,1498.51
017572,71,4,226.75
017573,29,3,380.59999999999997
017574,243,1,185.64999999999998
017576,8,19,3622.68
017578,218,1,143.45999999999998
017579,5,3,448.8999999999999
017580,253,3,215.71999999999997
017581,1,25,11045.039999999999
017582,236,1,175.27
017584,7,2,1242.3000000000002
017585,109,4,1133.07
017588,100,3,1240.2
017589,60,4,2404.17
017590,2,3,1479.22
017591,73,7,2225.9700000000003
017593,4,5,3927.3400000000006
017594,85,2,993.1800000000001
017595,12,2,388.78999999999996
017596,23,7,2827.9300000000003
017597,214,1,2044.37
017600,18,1,161.67000000000002
017601,239,1,116.00999999999999
017602,2,6,5102.97
017603,78,1,394.71999999999997
017604,217,2,309.35999999999996
017608,33,2,193.42000000000002
017609,41,5,1112.2199999999998
017611,7,15,3984.22
017612,53,6,2048.45
017613,23,14,4559.150000000001
017614,57,1,390.07000000000005
017615,130,3,329.6000000000001
017616,174,3,571.2
017618,6,3,971.5800000000002
017619,312,1,218.51999999999995
017620,60,1,81.44
017621,21,3,1379.8999999999999
017623,33,1,527.0500000000001
017624,15,2,843.48
017625,18,4,2047.0
017628,81,1,75.75000000000001
017629,6,8,1814.12
017630,170,2,503.59999999999997
017631,2,3,528.3300000000002
017633,31,4,1324.8400000000001
017634,36,9,2361.9700000000003
017636,19,1,285.55999999999995
017637,31,2,547.0600000000001
017639,276,1,108.5
017640,87,1,621.6600000000001
017642,120,2,712.29
017643,373,1,101.55
017644,1,11,2895.64
017646,219,3,1008.39
017647,65,1,133.06
017648,61,4,1797.5
017649,138,1,868.49
017650,21,1,166.07999999999998
017651,12,10,3945.0
017652,25,12,4867.72
017653,37,4,1207.56
017654,277,1,117.55000000000001
017655,11,7,2638.9400000000005
017656,73,5,1674.6900000000003
017658,26,2,595.42
017659,17,12,2999.46
017660,141,1,196.0
017663,26,7,1802.9100000000003
017664,19,2,604.64
017666,4,2,728.1599999999999
017667,66,5,2055.51
017668,1,2,347.75
017669,43,7,3406.72
017670,228,1,205.7
017671,16,4,1572.7100000000003
017672,50,2,3178.17
017673,1,6,1629.12
017674,74,2,551.0400000000001
017675,1,31,20374.28
017676,4,6,1387.68
017677,2,30,16363.23
017678,264,1,298.11
017679,53,2,1992.1100000000001
017680,24,1,184.39999999999998
017682,10,6,2474.3299999999995
017684,44,1,239.41
017685,17,7,3191.53
017686,7,7,5739.460000000001
017690,30,15,4757.95
017691,358,2,290.4
017692,127,4,740.9399999999998
017693,137,1,200.46999999999997
017694,142,1,283.12
017695,132,2,765.3400000000001
017696,38,8,2285.7100000000005
017697,236,1,338.95000000000005
017698,261,1,154.95
017700,17,4,2534.64
017701,253,1,417.95000000000005
017702,30,4,1824.37
017703,35,3,798.74
017704,169,2,885.1899999999999
017705,3,9,1823.52
017706,4,17,10504.49
017707,185,2,152.39999999999998
017708,188,2,267.08000000000004
017709,170,1,137.45
017711,11,2,385.1
017712,45,1,522.91
017714,321,1,153.0
017715,201,1,326.4
017716,23,11,5655.99
017718,232,1,139.35
017719,38,15,5396.04
017720,26,4,1195.94
017722,96,4,2424.04
017723,127,6,3276.4
017724,71,3,1033.0
017725,16,11,3439.08
017727,15,1,1060.25
017728,4,3,2876.01
017730,3,13,5298.48
017731,79,4,1240.11
017732,373,1,303.96999999999997
017733,39,2,692.1899999999999
017734,54,3,700.63
017735,2,19,13110.02
017736,9,3,377.44
017737,9,2,168.24
017738,19,4,1879.05
017739,12,7,2791.3500000000004
017742,113,2,355.11
017744,4,6,2322.4
017746,240,1,110.25000000000001
017747,113,1,71.4
017749,178,2,674.52
017750,5,9,1797.5700000000002
017752,359,1,80.64
017754,1,5,1772.2599999999998
017757,1,30,5605.290000000001
017758,19,8,3456.7
017759,17,3,834.99
017760,22,2,287.59000000000003
017761,33,1,712.78
017763,263,1,15.0
017764,51,2,818.82
017765,159,3,371.88
017767,15,1,271.20000000000005
017768,8,3,2273.18
017769,13,10,3997.9800000000005
017770,199,5,1143.2699999999998
017771,57,2,245.81000000000003
017772,11,2,182.76999999999998
017774,97,4,1225.4099999999999
017775,255,1,56.4
017777,25,3,665.8600000000001
017779,21,3,658.57
017781,159,2,188.01999999999998
017783,72,2,283.4699999999999
017785,53,1,131.94
017786,85,2,278.74
017787,153,4,1865.19
017788,74,2,1117.9
017789,281,1,225.9
017790,27,14,1965.5500000000002
017791,30,1,106.1
017793,25,1,323.04
017795,180,2,350.38999999999993
017796,40,4,697.9000000000001
017797,22,3,780.4300000000002
017799,22,10,3055.9300000000003
017800,37,9,1199.01
017802,82,3,1285.04
017805,74,1,512.31
017806,11,1,546.04
017809,16,12,5411.91
017811,4,39,7837.7300000000005
017812,13,4,732.1599999999999
017813,14,5,1770.8799999999999
017816,37,4,36.559999999999995
017817,4,3,387.68
017819,72,7,3704.87
017824,51,1,298.4
017827,5,5,1995.46
017830,2,3,398.69999999999993
017831,33,1,35.400000000000006
017832,50,1,155.37000000000003
017835,3,3,350.63999999999993
017836,47,1,110.21
017837,42,8,1593.38
017838,27,5,2779.3
017839,42,1,338.79999999999995
017841,2,124,40991.57
017843,303,1,205.48000000000002
017846,85,1,2033.1
017848,81,9,901.2
017849,218,4,605.8000000000001
017850,372,34,5391.210000000001
017852,12,2,114.34
017854,185,2,311.26
017855,373,1,208.97
017856,2,4,1418.0300000000002
017857,4,23,26879.04
017858,6,12,5155.66
017859,305,1,148.21
017860,369,1,252.8
017861,3,8,2100.8
017862,324,1,330.9
017863,59,6,3160.0
017864,13,3,597.5
017865,31,20,10526.32
017866,143,1,329.65
017867,30,6,1197.1000000000004
017869,107,5,428.18
017870,2,12,1894.3500000000001
017871,205,1,155.90000000000003
017873,80,5,1859.1600000000003
017874,185,6,683.4600000000002
017877,170,1,237.61
017878,44,1,379.45
017879,174,1,178.51999999999998
017880,365,1,458.91999999999996
017881,304,1,133.35000000000002
017883,3,4,671.77
017884,4,4,717.45
017885,12,1,190.19
017886,32,3,899.6099999999999
017887,129,1,111.35
017888,21,8,726.05
017889,212,2,203.87
017890,323,2,602.0900000000001
017891,162,1,203.85999999999996
017892,56,3,244.10000000000002
017893,225,1,112.25
017894,72,8,1119.81
017895,44,1,98.0
017896,23,1,256.32
017897,173,3,566.6
017898,85,2,152.06
017899,159,1,155.79999999999998
017900,190,2,112.19999999999999
017901,29,1,110.38
017904,21,1,191.66999999999993
017905,71,4,800.24
017906,247,1,72.9
017908,374,1,243.27999999999997
017911,9,1,366.23
017912,310,5,311.01
017913,59,2,411.59999999999997
017914,4,1,336.43
017917,45,3,341.28000000000003
017919,88,1,1304.0400000000002
017920,4,17,4204.1
017921,64,4,826.52
017923,282,1,207.50000000000003
017924,12,7,2962.500000000001
017925,373,1,244.08
017926,133,2,397.29
017928,45,2,212.54000000000002
017929,11,4,843.0
017930,36,5,1740.4799999999998
017931,134,2,408.36
017932,29,3,1331.57
017934,52,2,704.25
017935,138,2,145.79000000000002
017936,5,1,389.84
017937,9,7,4301.22
017939,160,1,99.14000000000001
017940,49,10,4106.4400000000005
017941,131,1,304.56
017942,8,1,77.50000000000001
017946,233,2,149.58
017947,37,1,176.67999999999998
017948,147,1,358.56000000000006
017949,1,45,58510.48000000001
017950,72,3,482.2
017951,40,3,1008.5400000000003
017954,5,12,2332.7200000000003
017955,199,4,557.3
017956,249,1,12.75
017957,66,1,111.67999999999999
017958,117,1,508.4599999999999
017960,171,1,73.78
017961,21,39,1296.44
017962,142,1,102.83
017964,32,2,471.69999999999993
017965,38,14,2622.57
017966,38,5,1098.4299999999998
017967,372,1,123.07
017968,374,1,277.35
017969,166,2,228.20000000000002
017970,211,1,582.59
017972,242,1,136.04
017973,52,1,337.03999999999996
017974,25,3,740.79
017975,15,13,4488.81
017976,372,1,353.19000000000005
017977,29,1,288.14
017978,365,1,300.91999999999996
017979,36,4,757.7099999999998
017980,166,3,811.45
017984,145,1,152.68
017985,22,1,634.9499999999999
017986,56,1,20.8
017987,185,1,198.57
017988,12,7,201.11999999999998
017990,237,3,630.84
017991,225,2,93.35
017994,122,4,678.49
017995,282,1,76.1
017997,74,8,1970.67
017999,37,2,382.06000000000006
018001,12,2,417.22999999999996
018004,362,1,169.47
018005,4,2,249.71999999999997
018006,23,1,444.68
018008,70,9,2116.19
018009,235,1,257.34
018010,257,1,174.79999999999998
018011,373,1,102.79
018013,155,2,187.29
018014,28,1,166.42
018015,4,1,120.03000000000002
018016,32,5,1483.56
018017,81,3,523.0
018018,108,2,122.14
018019,52,1,38.45
018022,36,1,668.1099999999999
018024,153,2,389.78
018027,99,1,115.30999999999999
018030,4,2,230.64999999999998
018032,334,1,73.5
018033,65,1,97.97000000000001
018034,22,2,422.87999999999994
018035,36,3,730.4000000000002
018036,32,3,405.62
018037,154,6,70.02
018040,19,2,357.2
018041,12,21,4183.39
018042,54,1,165.04999999999998
018043,25,3,559.51
018044,4,10,2088.6
018045,45,1,189.39999999999998
018048,203,2,172.29000000000002
018050,359,1,74.4
018053,71,1,300.0200000000001
018055,7,10,6784.1900000000005
018056,288,1,363.65
018058,10,1,170.16
018059,23,3,306.46
018061,22,10,2119.41
018062,173,3,720.5200000000001
018064,133,2,814.0
018065,6,14,2392.83
018066,75,1,318.0
018067,40,1,396.33000000000004
018068,289,1,101.69999999999999
018069,26,5,2036.67
018071,258,2,453.0
018072,186,1,247.44
018073,114,12,3877.5199999999995
018074,374,1,489.6
018075,23,10,2611.75
018077,8,11,2633.01
018078,217,2,336.13
018079,45,4,3651.9699999999993
018080,19,2,1231.5
018081,36,3,343.45
018082,26,1,703.37
018084,16,1,90.47999999999999
018085,330,2,689.9499999999999
018086,274,1,101.33999999999999
018087,98,2,4055.7199999999993
018088,61,1,167.66999999999996
018092,2,11,9068.26
018093,93,4,2106.52
018094,82,7,3017.3
018095,312,2,580.05
018096,12,3,911.1500000000001
018097,8,6,2697.8
018099,127,1,168.31
018101,11,2,223.64999999999998
018102,1,60,259657.3
018104,37,1,754.6400000000001
018105,38,1,113.48000000000002
018106,330,1,430.7
018108,254,1,271.0
018109,2,26,8052.97
018110,20,1,236.3
018112,12,2,352.69000000000005
018113,369,1,76.32000000000001
018114,290,1,220.1
018116,68,8,1418.03
018117,26,1,320.71999999999997
018118,11,26,5653.82
018119,368,1,181.11999999999995
018120,214,1,111.14999999999999
018121,149,2,673.1
018122,8,6,1826.21
018123,24,2,589.44
018125,30,4,1142.99
018126,61,1,206.83
018127,19,3,348.73
018129,243,1,112.55
018130,15,3,1059.3899999999999
018133,212,1,931.4999999999999
018135,29,5,681.9100000000001
018136,63,3,784.3299999999998
018138,295,1,152.65
018139,18,6,8438.34
018142,157,2,1019.52
018143,117,2,1000.1600000000001
018144,8,12,2888.7500000000005
018145,13,4,2861.55
018146,141,2,160.35
018147,46,2,179.33999999999997
018149,51,3,612.0799999999999
018150,32,3,566.5800000000002
018151,135,2,653.3499999999999
018154,3,2,399.18999999999994
018155,75,3,371.62000000000006
018156,13,2,734.94
018158,9,2,453.4
018159,301,1,530.1500000000001
018160,57,2,638.0600000000002
018161,15,5,1618.69
018164,37,1,399.65
018165,177,1,302.46000000000004
018167,23,3,1384.86
018168,176,6,1169.94
018169,61,1,202.65
018170,33,3,980.3100000000001
018171,59,5,1231.31
018172,15,20,7561.68
018173,87,4,2106.8400000000006
018174,7,1,104.0
018176,358,1,476.35
018177,31,6,1341.42
018178,129,4,1590.81
018179,9,6,1793.1700000000003
018180,5,6,1843.7500000000005
018181,24,1,382.7999999999999
018183,227,2,632.0700000000002
018184,15,1,49.8
018185,249,1,304.25
018188,15,3,2001.0399999999997
018189,78,2,1090.2400000000002
018190,192,2,284.46
018191,262,1,207.79999999999998
018192,72,1,957.9699999999999
018193,165,1,243.76
018194,82,1,973.8399999999999
018196,95,2,689.1300000000001
018198,4,17,5425.560000000001
018200,106,1,163.8
018202,200,3,1396.9900000000002
018203,157,1,160.42000000000002
018204,71,3,1993.7000000000003
018205,36,2,517.3599999999999
018209,29,1,139.10000000000002
018210,2,6,2621.38
018211,26,5,600.07
018212,326,1,248.42
018213,237,1,232.48000000000002
018215,89,1,299.34
018216,31,1,481.74999999999994
018217,29,2,621.7500000000001
018218,211,2,662.08
018219,3,10,2069.77
018220,227,1,305.28000000000003
018221,22,5,1041.6100000000001
018222,93,1,443.0
018223,5,14,6484.54
018224,264,1,158.95000000000002
018225,3,12,5509.120000000001
018226,44,11,5228.050000000001
018227,218,1,93.75
018228,57,2,779.9
018229,12,20,7276.9
018230,9,7,2810.1999999999994
018231,192,5,2083.2699999999995
018232,82,4,592.97
018233,326,1,440.0
018235,72,3,1796.4800000000002
018236,30,6,882.24
018237,3,5,987.1000000000001
018239,219,5,1561.6100000000001
018240,46,1,422.58000000000004
018241,10,17,2073.09
018242,72,4,2232.4900000000002
018245,7,7,2567.0600000000004
018246,24,2,596.0999999999999
018248,123,2,804.02
018249,17,1,95.34
018250,310,1,349.27000000000004
018251,87,1,4314.72
018252,51,2,526.6700000000001
018255,89,1,103.3
018257,39,8,2337.6300000000006
018259,25,3,2338.6000000000004
018260,173,6,2643.2
018261,43,2,324.24
018262,140,1,149.48
018263,26,3,1213.1599999999999
018265,72,2,801.5100000000001
018268,134,1,25.5
018269,366,1,168.6
018270,38,2,283.15000000000003
018272,3,6,3078.58
018273,2,3,204.0
018274,30,1,175.92000000000002
018276,44,1,335.8599999999999
018277,58,1,110.38
018278,74,1,173.89999999999998
018280,278,1,180.6
018281,181,1,80.82
018282,8,2,178.05
018283,4,16,2094.88
018287,43,3,1837.2800000000002
